
-- +pig Name: 00__items
-- +pig Requirements:
-- +pig Up

INSERT INTO products (title, description, category_id, id, store_id, owner_user_id, shop_id, brand_id, product_id, properties) VALUES (E'Long Sleeve Tie-Dye', E'Long Sleeve Tie-Dye', 'c92a1c54-c178-49b6-8a54-12f6623e3c71', 'b73bb660-ce35-4bad-a34e-bd7cfda26f39', 'bc4497d4-6140-4700-bd62-c3ec6f752981', 'fd05c79a-ebfe-418d-83ab-4b372dde7b53', 'fba2fd50-7599-49f5-baca-cfc25ecdd2ce', 'a30d797a-e0de-4b11-8e54-d138622aad95', 'b73bb660-ce35-4bad-a34e-bd7cfda26f39', '[{"size": "Medium", "brand": "Bold Girlz", "color": "Tie Dye Dark Blue", "price": 32, "condition": "new", "salePrice": 0, "sku": "BG-240CY-LST234", "styles": "Egirl Eboy, Athleisure", "availability": "in stock", "salePriceEffectiveDate": null, "variantId": "5af2efa2-bb75-4168-99bd-89f7c3e8fa30"}]');
INSERT INTO products (title, description, category_id, id, store_id, owner_user_id, shop_id, brand_id, product_id, properties) VALUES (E'Anarchy Tee', E'Anarchy Tee', 'c92a1c54-c178-49b6-8a54-12f6623e3c71', '2c52799d-23bc-4ca8-a715-addd32653318', 'bc4497d4-6140-4700-bd62-c3ec6f752981', 'fd05c79a-ebfe-418d-83ab-4b372dde7b53', 'fba2fd50-7599-49f5-baca-cfc25ecdd2ce', 'a30d797a-e0de-4b11-8e54-d138622aad95', '2c52799d-23bc-4ca8-a715-addd32653318', '[{"size": "Medium", "brand": "Bold Girlz", "color": "Black", "price": 28, "condition": "new", "salePrice": 0, "sku": "BG-3600-ANAR45", "styles": "Egirl Eboy, Athleisure", "availability": "in stock", "salePriceEffectiveDate": null, "variantId": "2304f166-f47e-44a7-a8d0-e9e47751573f"}]');
INSERT INTO products (title, description, category_id, id, store_id, owner_user_id, shop_id, brand_id, product_id, properties) VALUES (E'Bold Tee', E'Bold Tee', 'c92a1c54-c178-49b6-8a54-12f6623e3c71', 'bc0eecd6-504c-45ff-a039-3f632800ba4a', 'bc4497d4-6140-4700-bd62-c3ec6f752981', 'fd05c79a-ebfe-418d-83ab-4b372dde7b53', 'fba2fd50-7599-49f5-baca-cfc25ecdd2ce', 'a30d797a-e0de-4b11-8e54-d138622aad95', 'bc0eecd6-504c-45ff-a039-3f632800ba4a', '[{"size": "Medium", "brand": "Bold Girlz", "color": "Black", "price": 28, "condition": "new", "salePrice": 0, "sku": "BG-3600-BOLD45", "styles": "Egirl Eboy, Athleisure", "availability": "in stock", "salePriceEffectiveDate": null, "variantId": "cbc809ba-ac8d-476a-8b1f-dd5682f7d9e6"}]');
INSERT INTO products (title, description, category_id, id, store_id, owner_user_id, shop_id, brand_id, product_id, properties) VALUES (E'JUUB Tee', E'JUUB Tee', 'c92a1c54-c178-49b6-8a54-12f6623e3c71', '57e30118-67da-407c-8787-65a461773d52', 'bc4497d4-6140-4700-bd62-c3ec6f752981', 'fd05c79a-ebfe-418d-83ab-4b372dde7b53', 'fba2fd50-7599-49f5-baca-cfc25ecdd2ce', 'a30d797a-e0de-4b11-8e54-d138622aad95', '57e30118-67da-407c-8787-65a461773d52', '[{"size": "Medium", "brand": "Bold Girlz", "color": "Heather Grey", "price": 32, "condition": "new", "salePrice": 0, "sku": "BG-3600-JUBB23", "styles": "Egirl Eboy, Athleisure", "availability": "in stock", "salePriceEffectiveDate": null, "variantId": "2058d774-0121-408d-95b1-f816eabf3680"}]');
INSERT INTO products (title, description, category_id, id, store_id, owner_user_id, shop_id, brand_id, product_id, properties) VALUES (E'Tie-Dye Tees', E'Tie-Dye Tees', 'c92a1c54-c178-49b6-8a54-12f6623e3c71', '2eeeccb5-df54-43e0-a72f-5d0b5c20b3cc', 'bc4497d4-6140-4700-bd62-c3ec6f752981', 'fd05c79a-ebfe-418d-83ab-4b372dde7b53', 'fba2fd50-7599-49f5-baca-cfc25ecdd2ce', 'a30d797a-e0de-4b11-8e54-d138622aad95', '2eeeccb5-df54-43e0-a72f-5d0b5c20b3cc', '[{"size": "Small", "brand": "Bold Girlz", "color": "Pastel", "price": 36, "condition": "new", "salePrice": 0, "sku": "BG-640VR-BLD234", "styles": "Egirl Eboy, Athleisure", "availability": "in stock", "salePriceEffectiveDate": null, "variantId": "606b11ac-2941-42f9-aa5a-c007a94b0a55"}]');
INSERT INTO products (title, description, category_id, id, store_id, owner_user_id, shop_id, brand_id, product_id, properties) VALUES (E'Long Sleeve Crop Top', E'Long Sleeve Crop Top', 'c92a1c54-c178-49b6-8a54-12f6623e3c71', '265ba141-a677-42a6-aecf-3d73eb5725ce', 'bc4497d4-6140-4700-bd62-c3ec6f752981', 'fd05c79a-ebfe-418d-83ab-4b372dde7b53', 'fba2fd50-7599-49f5-baca-cfc25ecdd2ce', 'a30d797a-e0de-4b11-8e54-d138622aad95', '265ba141-a677-42a6-aecf-3d73eb5725ce', '[{"size": "Small", "brand": "Bold Girlz", "color": "Black", "price": 32, "condition": "new", "salePrice": 0, "sku": "BG-7481-LST234", "styles": "Egirl Eboy, Athleisure", "availability": "in stock", "salePriceEffectiveDate": null, "variantId": "2864c6ed-1a30-472a-afa2-e790ef791295"}]');
INSERT INTO products (title, description, category_id, id, store_id, owner_user_id, shop_id, brand_id, product_id, properties) VALUES (E'Baseball Hat', E'Baseball Hat', '4eef197a-a797-45cf-a896-02905bcb0a15', '3d1a89d1-b671-41c7-adc7-dcefb13eee9e', 'bc4497d4-6140-4700-bd62-c3ec6f752981', 'fd05c79a-ebfe-418d-83ab-4b372dde7b53', 'fba2fd50-7599-49f5-baca-cfc25ecdd2ce', 'a30d797a-e0de-4b11-8e54-d138622aad95', '3d1a89d1-b671-41c7-adc7-dcefb13eee9e', '[{"size": "One Size", "brand": "Bold Girlz", "color": "Black", "price": 25, "condition": "new", "salePrice": 0, "sku": "BG-BCAP-LOGOG1", "styles": "Egirl Eboy, Athleisure", "availability": "in stock", "salePriceEffectiveDate": null, "variantId": "1f27196e-e7a3-410f-b199-af9aa059b7d5"}]');
INSERT INTO products (title, description, category_id, id, store_id, owner_user_id, shop_id, brand_id, product_id, properties) VALUES (E'Beanie', E'Beanie', '4eef197a-a797-45cf-a896-02905bcb0a15', '86ff1a5b-7c02-4416-bc65-5f89fd15906d', 'bc4497d4-6140-4700-bd62-c3ec6f752981', 'fd05c79a-ebfe-418d-83ab-4b372dde7b53', 'fba2fd50-7599-49f5-baca-cfc25ecdd2ce', 'a30d797a-e0de-4b11-8e54-d138622aad95', '86ff1a5b-7c02-4416-bc65-5f89fd15906d', '[{"size": "One Size", "brand": "Bold Girlz", "color": "Black", "price": 15, "condition": "new", "salePrice": 0, "sku": "BG-BEANIE-LOGOG1", "styles": "Egirl Eboy, Athleisure", "availability": "in stock", "salePriceEffectiveDate": null, "variantId": "4e764053-03a7-47e6-9921-49896ee8d45b"}, {"size": "One Size", "brand": "Bold Girlz", "color": "Dark Blue", "price": 15, "condition": "new", "salePrice": 0, "sku": "BG-BEANIE-LOGOG1", "styles": "Egirl Eboy, Athleisure", "availability": "in stock", "salePriceEffectiveDate": null, "variantId": "4a1e1dd3-4517-4edc-b88f-0f949e621c4f"}]');
INSERT INTO products (title, description, category_id, id, store_id, owner_user_id, shop_id, brand_id, product_id, properties) VALUES (E'BOLD Leggings', E'BOLD Leggings', '85429a3e-1df3-431a-8d97-afb1096ed8da', 'ab738a35-532d-45d6-afea-f3490341cd95', 'bc4497d4-6140-4700-bd62-c3ec6f752981', 'fd05c79a-ebfe-418d-83ab-4b372dde7b53', 'fba2fd50-7599-49f5-baca-cfc25ecdd2ce', 'a30d797a-e0de-4b11-8e54-d138622aad95', 'ab738a35-532d-45d6-afea-f3490341cd95', '[{"size": "Medium", "brand": "Bold Girlz", "color": "Black", "price": 19, "condition": "new", "salePrice": 0, "sku": "BG-BEL812-BOLD67", "styles": "Egirl Eboy, Athleisure", "availability": "in stock", "salePriceEffectiveDate": null, "variantId": "265e7a78-81b1-436a-aa99-992f3765988a"}, {"size": "Small", "brand": "Bold Girlz", "color": "Black", "price": 19, "condition": "new", "salePrice": 0, "sku": "BG-BEL812-BOLD67", "styles": "Egirl Eboy, Athleisure", "availability": "in stock", "salePriceEffectiveDate": null, "variantId": "ef18444c-7de0-4236-8efa-d34c61047834"}]');
INSERT INTO products (title, description, category_id, id, store_id, owner_user_id, shop_id, brand_id, product_id, properties) VALUES (E'Masks', E'Masks', '4eef197a-a797-45cf-a896-02905bcb0a15', 'b204a65d-4dd6-4d53-a981-e13c733d2be0', 'bc4497d4-6140-4700-bd62-c3ec6f752981', 'fd05c79a-ebfe-418d-83ab-4b372dde7b53', 'fba2fd50-7599-49f5-baca-cfc25ecdd2ce', 'a30d797a-e0de-4b11-8e54-d138622aad95', 'b204a65d-4dd6-4d53-a981-e13c733d2be0', '[{"size": "One Size", "brand": "Bold Girlz", "color": "Black", "price": 10, "condition": "new", "salePrice": 0, "sku": "BG-MASK-BOLD", "styles": "Egirl Eboy, Athleisure", "availability": "in stock", "salePriceEffectiveDate": null, "variantId": "30c309f3-1611-4d60-bdc3-4b990895c3c7"}]');
INSERT INTO products (title, description, category_id, id, store_id, owner_user_id, shop_id, brand_id, product_id, properties) VALUES (E'Live In Joggers', E'Live In Joggers', '85429a3e-1df3-431a-8d97-afb1096ed8da', '0453e3f5-80a6-4c21-be09-51d53269f2ae', 'bc4497d4-6140-4700-bd62-c3ec6f752981', 'fd05c79a-ebfe-418d-83ab-4b372dde7b53', 'fba2fd50-7599-49f5-baca-cfc25ecdd2ce', 'a30d797a-e0de-4b11-8e54-d138622aad95', '0453e3f5-80a6-4c21-be09-51d53269f2ae', '[{"size": "Small", "brand": "Bold Girlz", "color": "Sage", "price": 29, "condition": "new", "salePrice": 0, "sku": "BG-PMR20PNT-BOLD67", "styles": "Egirl Eboy, Athleisure", "availability": "in stock", "salePriceEffectiveDate": null, "variantId": "33d8bb9e-9fcf-40a5-b936-d8a63ae9b7f2"}]');
INSERT INTO products (title, description, category_id, id, store_id, owner_user_id, shop_id, brand_id, product_id, properties) VALUES (E'Angel Tie-Dye Hoodies', E'Angel Tie-Dye Hoodies', 'ea0bdf87-57d2-43c8-9ffb-fa67048d9e47', 'e0612b8d-6ff6-4fe6-9610-8bae579faf93', 'bc4497d4-6140-4700-bd62-c3ec6f752981', 'fd05c79a-ebfe-418d-83ab-4b372dde7b53', 'fba2fd50-7599-49f5-baca-cfc25ecdd2ce', 'a30d797a-e0de-4b11-8e54-d138622aad95', 'e0612b8d-6ff6-4fe6-9610-8bae579faf93', '[{"size": "Small", "brand": "Bold Girlz", "color": "Tie Dye Rose", "price": 49, "condition": "new", "salePrice": 0, "sku": "BG-PMR4500-TD-BLD234", "styles": "Egirl Eboy, Athleisure", "availability": "in stock", "salePriceEffectiveDate": null, "variantId": "b31ab9c7-598c-4222-9c43-d3117d8aec39"}]');
INSERT INTO products (title, description, category_id, id, store_id, owner_user_id, shop_id, brand_id, product_id, properties) VALUES (E'BOLD X JUBB Cropped Hoodies', E'BOLD X JUBB Cropped Hoodies', 'ea0bdf87-57d2-43c8-9ffb-fa67048d9e47', '5a070b01-5bbd-4b25-bfbd-6c6084859821', 'bc4497d4-6140-4700-bd62-c3ec6f752981', 'fd05c79a-ebfe-418d-83ab-4b372dde7b53', 'fba2fd50-7599-49f5-baca-cfc25ecdd2ce', 'a30d797a-e0de-4b11-8e54-d138622aad95', '5a070b01-5bbd-4b25-bfbd-6c6084859821', '[{"size": "xs", "brand": "Bold Girlz", "color": "Heather Grey", "price": 42, "condition": "new", "salePrice": 0, "sku": "BG-SS4500-JUBB23", "styles": "Egirl Eboy, Athleisure", "availability": "in stock", "salePriceEffectiveDate": null, "variantId": "ebbe107d-ec18-42da-869d-d7f7c71fa230"}]');
INSERT INTO products (title, description, category_id, id, store_id, owner_user_id, shop_id, brand_id, product_id, properties) VALUES (E'Yes, I\'m Open Hoodie', E'Yes, I\'m Open Hoodie', 'ea0bdf87-57d2-43c8-9ffb-fa67048d9e47', 'd061f540-52f0-45af-b940-9bdf9a78385b', 'bc4497d4-6140-4700-bd62-c3ec6f752981', 'fd05c79a-ebfe-418d-83ab-4b372dde7b53', 'fba2fd50-7599-49f5-baca-cfc25ecdd2ce', 'a30d797a-e0de-4b11-8e54-d138622aad95', 'd061f540-52f0-45af-b940-9bdf9a78385b', '[{"size": "Small", "brand": "Bold Girlz", "color": "Sandstone", "price": 49, "condition": "new", "salePrice": 0, "sku": "BG-SS4500-YESO123", "styles": "Egirl Eboy, Athleisure", "availability": "in stock", "salePriceEffectiveDate": null, "variantId": "b1b68824-470a-447a-80ae-1fc46e8a67b5"}]');

INSERT INTO product_videos (product_id, video_id, position, video_uri, cover_image_uri, start_time, video_title) VALUES ('b73bb660-ce35-4bad-a34e-bd7cfda26f39', '0439009a-456f-41bb-884e-70b97b3a6dc6', 1, E'https://d2whmjegel90p1.cloudfront.net/Product_Videos/v2/batch3-JR318_Let\'sShakeItUp_master.m3u8', E'https://d2whmjegel90p1.cloudfront.net/Product_Videos/v2/batch3-JR318_Let\'sShakeItUp_preview.jpg', '00:00:00', 'Product Video');
INSERT INTO product_videos (product_id, video_id, position, video_uri, cover_image_uri, start_time, video_title) VALUES ('2c52799d-23bc-4ca8-a715-addd32653318', '72bdf7f8-4d6d-4cf2-805a-c5cae42f4ded', 1, E'https://d2whmjegel90p1.cloudfront.net/Product_Videos/v2/batch3-TD%20308_master.m3u8', E'https://d2whmjegel90p1.cloudfront.net/Product_Videos/v2/batch3-TD%20308_preview.jpg', '00:00:00', 'Product Video');
INSERT INTO product_videos (product_id, video_id, position, video_uri, cover_image_uri, start_time, video_title) VALUES ('bc0eecd6-504c-45ff-a039-3f632800ba4a', '72bdf7f8-4d6d-4cf2-805a-c5cae42f4ded', 1, E'https://d2whmjegel90p1.cloudfront.net/Product_Videos/v2/batch3-TD%20308_master.m3u8', E'https://d2whmjegel90p1.cloudfront.net/Product_Videos/v2/batch3-TD%20308_preview.jpg', '00:00:00', 'Product Video');
INSERT INTO product_videos (product_id, video_id, position, video_uri, cover_image_uri, start_time, video_title) VALUES ('57e30118-67da-407c-8787-65a461773d52', '0e6210ff-5938-45c7-a1ba-10b33314fb51', 1, E'https://d2whmjegel90p1.cloudfront.net/Product_Videos/v2/batch3-AM_304_CanYouFeelIt_master.m3u8', E'https://d2whmjegel90p1.cloudfront.net/Product_Videos/v2/batch3-AM_304_CanYouFeelIt_preview.jpg', '00:00:00', 'Product Video');
INSERT INTO product_videos (product_id, video_id, position, video_uri, cover_image_uri, start_time, video_title) VALUES ('2eeeccb5-df54-43e0-a72f-5d0b5c20b3cc', '8aea9684-0f50-4b4b-95f7-b84be89536ea', 1, E'https://d2whmjegel90p1.cloudfront.net/Product_Videos/v2/batch3-TD%20301_master.m3u8', E'https://d2whmjegel90p1.cloudfront.net/Product_Videos/v2/batch3-TD%20301_preview.jpg', '00:00:00', 'Product Video');
INSERT INTO product_videos (product_id, video_id, position, video_uri, cover_image_uri, start_time, video_title) VALUES ('2eeeccb5-df54-43e0-a72f-5d0b5c20b3cc', '84baf78f-0e57-433d-8b9e-d4e5dd8439f3', 2, E'https://d2whmjegel90p1.cloudfront.net/Product_Videos/v2/batch3-TD%20306_master.m3u8', E'https://d2whmjegel90p1.cloudfront.net/Product_Videos/v2/batch3-TD%20306_preview.jpg', '00:00:00', 'Product Video');
INSERT INTO product_videos (product_id, video_id, position, video_uri, cover_image_uri, start_time, video_title) VALUES ('265ba141-a677-42a6-aecf-3d73eb5725ce', '17a2c0ef-1bfc-4fbf-8b14-6bf5070e06fd', 1, E'https://d2whmjegel90p1.cloudfront.net/Product_Videos/v2/batch3-JR317_GoldieMan_master.m3u8', E'https://d2whmjegel90p1.cloudfront.net/Product_Videos/v2/batch3-JR317_GoldieMan_preview.jpg', '00:00:00', 'Product Video');
INSERT INTO product_videos (product_id, video_id, position, video_uri, cover_image_uri, start_time, video_title) VALUES ('265ba141-a677-42a6-aecf-3d73eb5725ce', '577cc530-8621-4af0-a699-2967043db4ce', 2, E'https://d2whmjegel90p1.cloudfront.net/Product_Videos/v2/batch3-TD%20310_master.m3u8', E'https://d2whmjegel90p1.cloudfront.net/Product_Videos/v2/batch3-TD%20310_preview.jpg', '00:00:00', 'Product Video');
INSERT INTO product_videos (product_id, video_id, position, video_uri, cover_image_uri, start_time, video_title) VALUES ('265ba141-a677-42a6-aecf-3d73eb5725ce', '2c5a7a6d-9432-4dee-855c-f815cfcc5004', 3, E'https://d2whmjegel90p1.cloudfront.net/Product_Videos/v2/batch3-TD%20311_master.m3u8', E'https://d2whmjegel90p1.cloudfront.net/Product_Videos/v2/batch3-TD%20311_preview.jpg', '00:00:00', 'Product Video');
INSERT INTO product_videos (product_id, video_id, position, video_uri, cover_image_uri, start_time, video_title) VALUES ('3d1a89d1-b671-41c7-adc7-dcefb13eee9e', '2c5a7a6d-9432-4dee-855c-f815cfcc5004', 2, E'https://d2whmjegel90p1.cloudfront.net/Product_Videos/v2/batch3-TD%20311_master.m3u8', E'https://d2whmjegel90p1.cloudfront.net/Product_Videos/v2/batch3-TD%20311_preview.jpg', '00:00:00', 'Product Video');
INSERT INTO product_videos (product_id, video_id, position, video_uri, cover_image_uri, start_time, video_title) VALUES ('3d1a89d1-b671-41c7-adc7-dcefb13eee9e', '2c5a7a6d-9432-4dee-855c-f815cfcc5004', 2, E'https://d2whmjegel90p1.cloudfront.net/Product_Videos/v2/batch3-TD%20311_master.m3u8', E'https://d2whmjegel90p1.cloudfront.net/Product_Videos/v2/batch3-TD%20311_preview.jpg', '00:00:00', 'Product Video');
INSERT INTO product_videos (product_id, video_id, position, video_uri, cover_image_uri, start_time, video_title) VALUES ('86ff1a5b-7c02-4416-bc65-5f89fd15906d', '4bcdfd2e-2837-4f19-b740-e9d60cd63c51', 1, E'https://d2whmjegel90p1.cloudfront.net/Product_Videos/v2/batch3-AM_303_BlueSun_master.m3u8', E'https://d2whmjegel90p1.cloudfront.net/Product_Videos/v2/batch3-AM_303_BlueSun_preview.jpg', '00:00:00', 'Product Video');
INSERT INTO product_videos (product_id, video_id, position, video_uri, cover_image_uri, start_time, video_title) VALUES ('86ff1a5b-7c02-4416-bc65-5f89fd15906d', 'dbe6d532-bb41-46c4-87ed-e6fa771782fc', 2, E'https://d2whmjegel90p1.cloudfront.net/Product_Videos/v2/batch3-AM_317_Suncopation_master.m3u8', E'https://d2whmjegel90p1.cloudfront.net/Product_Videos/v2/batch3-AM_317_Suncopation_preview.jpg', '00:00:00', 'Product Video');
INSERT INTO product_videos (product_id, video_id, position, video_uri, cover_image_uri, start_time, video_title) VALUES ('ab738a35-532d-45d6-afea-f3490341cd95', '577cc530-8621-4af0-a699-2967043db4ce', 4, E'https://d2whmjegel90p1.cloudfront.net/Product_Videos/v2/batch3-TD%20310_master.m3u8', E'https://d2whmjegel90p1.cloudfront.net/Product_Videos/v2/batch3-TD%20310_preview.jpg', '00:00:00', 'Product Video');
INSERT INTO product_videos (product_id, video_id, position, video_uri, cover_image_uri, start_time, video_title) VALUES ('ab738a35-532d-45d6-afea-f3490341cd95', '577cc530-8621-4af0-a699-2967043db4ce', 4, E'https://d2whmjegel90p1.cloudfront.net/Product_Videos/v2/batch3-TD%20310_master.m3u8', E'https://d2whmjegel90p1.cloudfront.net/Product_Videos/v2/batch3-TD%20310_preview.jpg', '00:00:00', 'Product Video');
INSERT INTO product_videos (product_id, video_id, position, video_uri, cover_image_uri, start_time, video_title) VALUES ('ab738a35-532d-45d6-afea-f3490341cd95', '2c5a7a6d-9432-4dee-855c-f815cfcc5004', 5, E'https://d2whmjegel90p1.cloudfront.net/Product_Videos/v2/batch3-TD%20311_master.m3u8', E'https://d2whmjegel90p1.cloudfront.net/Product_Videos/v2/batch3-TD%20311_preview.jpg', '00:00:00', 'Product Video');
INSERT INTO product_videos (product_id, video_id, position, video_uri, cover_image_uri, start_time, video_title) VALUES ('ab738a35-532d-45d6-afea-f3490341cd95', '02d54206-0633-47ed-b796-d71726527909', 1, E'https://d2whmjegel90p1.cloudfront.net/Product_Videos/v2/batch3-JR302_UnconditionalFuture_master.m3u8', E'https://d2whmjegel90p1.cloudfront.net/Product_Videos/v2/batch3-JR302_UnconditionalFuture_preview.jpg', '00:00:00', 'Product Video');
INSERT INTO product_videos (product_id, video_id, position, video_uri, cover_image_uri, start_time, video_title) VALUES ('ab738a35-532d-45d6-afea-f3490341cd95', '11d86239-1bdf-40c5-9893-fef0280be476', 2, E'https://d2whmjegel90p1.cloudfront.net/Product_Videos/v2/batch3-MW_303_Pop_That_master.m3u8', E'https://d2whmjegel90p1.cloudfront.net/Product_Videos/v2/batch3-MW_303_Pop_That_preview.jpg', '00:00:00', 'Product Video');
INSERT INTO product_videos (product_id, video_id, position, video_uri, cover_image_uri, start_time, video_title) VALUES ('b204a65d-4dd6-4d53-a981-e13c733d2be0', 'd63909b1-de1e-4dc5-9101-b0b1cf57bbc3', 1, E'https://d2whmjegel90p1.cloudfront.net/Product_Videos/v2/batch3-TD%20309_master.m3u8', E'https://d2whmjegel90p1.cloudfront.net/Product_Videos/v2/batch3-TD%20309_preview.jpg', '00:00:00', 'Product Video');
INSERT INTO product_videos (product_id, video_id, position, video_uri, cover_image_uri, start_time, video_title) VALUES ('0453e3f5-80a6-4c21-be09-51d53269f2ae', '88cb04db-f517-4f7d-a2f7-3721af8a71aa', 2, E'https://d2whmjegel90p1.cloudfront.net/Product_Videos/v2/batch3-KY_313_314_Everyday_Is_A_Party_master.m3u8', E'https://d2whmjegel90p1.cloudfront.net/Product_Videos/v2/batch3-KY_313_314_Everyday_Is_A_Party_preview.jpg', '00:00:00', 'Product Video');
INSERT INTO product_videos (product_id, video_id, position, video_uri, cover_image_uri, start_time, video_title) VALUES ('0453e3f5-80a6-4c21-be09-51d53269f2ae', '88cb04db-f517-4f7d-a2f7-3721af8a71aa', 2, E'https://d2whmjegel90p1.cloudfront.net/Product_Videos/v2/batch3-KY_313_314_Everyday_Is_A_Party_master.m3u8', E'https://d2whmjegel90p1.cloudfront.net/Product_Videos/v2/batch3-KY_313_314_Everyday_Is_A_Party_preview.jpg', '00:00:00', 'Product Video');
INSERT INTO product_videos (product_id, video_id, position, video_uri, cover_image_uri, start_time, video_title) VALUES ('e0612b8d-6ff6-4fe6-9610-8bae579faf93', '49ddb6a8-480c-4b08-bc8f-ea640cc12297', 1, E'https://d2whmjegel90p1.cloudfront.net/Product_Videos/v2/batch3-EH_304_InNOut_master.m3u8', E'https://d2whmjegel90p1.cloudfront.net/Product_Videos/v2/batch3-EH_304_InNOut_preview.jpg', '00:00:00', 'Product Video');
INSERT INTO product_videos (product_id, video_id, position, video_uri, cover_image_uri, start_time, video_title) VALUES ('5a070b01-5bbd-4b25-bfbd-6c6084859821', '9e34219c-3994-4e05-a18f-52b8edf6700b', 1, E'https://d2whmjegel90p1.cloudfront.net/Product_Videos/v2/batch3-AM_305_CantStopMe_master.m3u8', E'https://d2whmjegel90p1.cloudfront.net/Product_Videos/v2/batch3-AM_305_CantStopMe_preview.jpg', '00:00:00', 'Product Video');
INSERT INTO product_videos (product_id, video_id, position, video_uri, cover_image_uri, start_time, video_title) VALUES ('d061f540-52f0-45af-b940-9bdf9a78385b', '5778efb0-3901-4ff3-8ed5-66429411e22a', 1, E'https://d2whmjegel90p1.cloudfront.net/Product_Videos/v2/batch3-KY_301_Vision_master.m3u8', E'https://d2whmjegel90p1.cloudfront.net/Product_Videos/v2/batch3-KY_301_Vision_preview.jpg', '00:00:00', 'Product Video');
INSERT INTO product_videos (product_id, video_id, position, video_uri, cover_image_uri, start_time, video_title) VALUES ('d061f540-52f0-45af-b940-9bdf9a78385b', '00847388-3867-4816-9a57-591ebc0d48e6', 2, E'https://d2whmjegel90p1.cloudfront.net/Product_Videos/v2/batch3-TD%20313_master.m3u8', E'https://d2whmjegel90p1.cloudfront.net/Product_Videos/v2/batch3-TD%20313_preview.jpg', '00:00:00', 'Product Video');
INSERT INTO product_videos (product_id, video_id, position, video_uri, cover_image_uri, start_time, video_title) VALUES ('d061f540-52f0-45af-b940-9bdf9a78385b', 'c9cdb341-31c4-4e0e-96e6-5b24bc11167a', 3, E'https://d2whmjegel90p1.cloudfront.net/Product_Videos/v2/batch3-TD%20314_master.m3u8', E'https://d2whmjegel90p1.cloudfront.net/Product_Videos/v2/batch3-TD%20314_preview.jpg', '00:00:00', 'Product Video');

INSERT INTO product_images (product_id, position, image_uri) VALUES ('b204a65d-4dd6-4d53-a981-e13c733d2be0', 1, E'https://d2whmjegel90p1.cloudfront.net/Product_Images/batch3/BG-MASK-BOLD.jpg');
INSERT INTO product_images (product_id, position, image_uri) VALUES ('86ff1a5b-7c02-4416-bc65-5f89fd15906d', 1, E'https://d2whmjegel90p1.cloudfront.net/Product_Images/batch3/BG-BEANIE-LOGOG1.jpg');
INSERT INTO product_images (product_id, position, image_uri) VALUES ('bc0eecd6-504c-45ff-a039-3f632800ba4a', 1, E'https://d2whmjegel90p1.cloudfront.net/Product_Images/batch3/BG-3600-BOLD45.jpg');
INSERT INTO product_images (product_id, position, image_uri) VALUES ('ab738a35-532d-45d6-afea-f3490341cd95', 1, E'https://d2whmjegel90p1.cloudfront.net/Product_Images/batch3/BG-BEL812-BOLD67.jpg');
INSERT INTO product_images (product_id, position, image_uri) VALUES ('2eeeccb5-df54-43e0-a72f-5d0b5c20b3cc', 1, E'https://d2whmjegel90p1.cloudfront.net/Product_Images/batch3/BG-640VR-BLD234.jpg');
INSERT INTO product_images (product_id, position, image_uri) VALUES ('3d1a89d1-b671-41c7-adc7-dcefb13eee9e', 1, E'https://d2whmjegel90p1.cloudfront.net/Product_Images/batch3/BG-BCAP-LOGOG1.jpg');
INSERT INTO product_images (product_id, position, image_uri) VALUES ('57e30118-67da-407c-8787-65a461773d52', 1, E'https://d2whmjegel90p1.cloudfront.net/Product_Images/batch3/BG-3600-JUBB23.jpg');
INSERT INTO product_images (product_id, position, image_uri) VALUES ('265ba141-a677-42a6-aecf-3d73eb5725ce', 1, E'https://d2whmjegel90p1.cloudfront.net/Product_Images/batch3/BG-7481-LST234.jpg');
INSERT INTO product_images (product_id, position, image_uri) VALUES ('5a070b01-5bbd-4b25-bfbd-6c6084859821', 1, E'https://d2whmjegel90p1.cloudfront.net/Product_Images/batch3/BG-SS4500-JUBB23.jpg');
INSERT INTO product_images (product_id, position, image_uri) VALUES ('2c52799d-23bc-4ca8-a715-addd32653318', 1, E'https://d2whmjegel90p1.cloudfront.net/Product_Images/batch3/BG-3600-ANAR45.jpg');
INSERT INTO product_images (product_id, position, image_uri) VALUES ('0453e3f5-80a6-4c21-be09-51d53269f2ae', 1, E'https://d2whmjegel90p1.cloudfront.net/Product_Images/batch3/BG-PMR20PNT-BOLD67.jpg');
INSERT INTO product_images (product_id, position, image_uri) VALUES ('d061f540-52f0-45af-b940-9bdf9a78385b', 1, E'https://d2whmjegel90p1.cloudfront.net/Product_Images/batch3/BG-SS4500-YESO123.jpg');
INSERT INTO product_images (product_id, position, image_uri) VALUES ('b73bb660-ce35-4bad-a34e-bd7cfda26f39', 1, E'https://d2whmjegel90p1.cloudfront.net/Product_Images/batch3/BG-240CY-LST234.jpg');
INSERT INTO product_images (product_id, position, image_uri) VALUES ('e0612b8d-6ff6-4fe6-9610-8bae579faf93', 1, E'https://d2whmjegel90p1.cloudfront.net/Product_Images/batch3/BG-PMR4500-TD-BLD234.jpg');


-- +pig Down

DELETE FROM product_images WHERE product_id IN ('b73bb660-ce35-4bad-a34e-bd7cfda26f39', '2c52799d-23bc-4ca8-a715-addd32653318', 'bc0eecd6-504c-45ff-a039-3f632800ba4a', '57e30118-67da-407c-8787-65a461773d52', '2eeeccb5-df54-43e0-a72f-5d0b5c20b3cc', '265ba141-a677-42a6-aecf-3d73eb5725ce', '06fdbc7d-6212-4a3b-a30d-29b1319fc746', '3d1a89d1-b671-41c7-adc7-dcefb13eee9e', '86ff1a5b-7c02-4416-bc65-5f89fd15906d', 'ab738a35-532d-45d6-afea-f3490341cd95', 'b204a65d-4dd6-4d53-a981-e13c733d2be0', '0453e3f5-80a6-4c21-be09-51d53269f2ae', 'e0612b8d-6ff6-4fe6-9610-8bae579faf93', '44086d4b-f662-4a83-b6a6-d4fb4fa518aa', '5a070b01-5bbd-4b25-bfbd-6c6084859821', 'd061f540-52f0-45af-b940-9bdf9a78385b');
DELETE FROM product_videos WHERE product_id IN ('b73bb660-ce35-4bad-a34e-bd7cfda26f39', '2c52799d-23bc-4ca8-a715-addd32653318', 'bc0eecd6-504c-45ff-a039-3f632800ba4a', '57e30118-67da-407c-8787-65a461773d52', '2eeeccb5-df54-43e0-a72f-5d0b5c20b3cc', '265ba141-a677-42a6-aecf-3d73eb5725ce', '06fdbc7d-6212-4a3b-a30d-29b1319fc746', '3d1a89d1-b671-41c7-adc7-dcefb13eee9e', '86ff1a5b-7c02-4416-bc65-5f89fd15906d', 'ab738a35-532d-45d6-afea-f3490341cd95', 'b204a65d-4dd6-4d53-a981-e13c733d2be0', '0453e3f5-80a6-4c21-be09-51d53269f2ae', 'e0612b8d-6ff6-4fe6-9610-8bae579faf93', '44086d4b-f662-4a83-b6a6-d4fb4fa518aa', '5a070b01-5bbd-4b25-bfbd-6c6084859821', 'd061f540-52f0-45af-b940-9bdf9a78385b');
DELETE FROM products WHERE id IN ('b73bb660-ce35-4bad-a34e-bd7cfda26f39', '2c52799d-23bc-4ca8-a715-addd32653318', 'bc0eecd6-504c-45ff-a039-3f632800ba4a', '57e30118-67da-407c-8787-65a461773d52', '2eeeccb5-df54-43e0-a72f-5d0b5c20b3cc', '265ba141-a677-42a6-aecf-3d73eb5725ce', '06fdbc7d-6212-4a3b-a30d-29b1319fc746', '3d1a89d1-b671-41c7-adc7-dcefb13eee9e', '86ff1a5b-7c02-4416-bc65-5f89fd15906d', 'ab738a35-532d-45d6-afea-f3490341cd95', 'b204a65d-4dd6-4d53-a981-e13c733d2be0', '0453e3f5-80a6-4c21-be09-51d53269f2ae', 'e0612b8d-6ff6-4fe6-9610-8bae579faf93', '44086d4b-f662-4a83-b6a6-d4fb4fa518aa', '5a070b01-5bbd-4b25-bfbd-6c6084859821', 'd061f540-52f0-45af-b940-9bdf9a78385b');
