
-- +pig Name: 00__items
-- +pig Requirements:
-- +pig Up

INSERT INTO products (title, description, category_id, id, store_id, owner_user_id, shop_id, brand_id, product_id, properties) VALUES ('Long Sleeve Tie-Dye', 'Long Sleeve Tie-Dye', 'c92a1c54-c178-49b6-8a54-12f6623e3c71', '005197bd-017e-42a2-bbf1-686b16d91611', 'bc4497d4-6140-4700-bd62-c3ec6f752981', 'fd05c79a-ebfe-418d-83ab-4b372dde7b53', 'fba2fd50-7599-49f5-baca-cfc25ecdd2ce', 'a30d797a-e0de-4b11-8e54-d138622aad95', '005197bd-017e-42a2-bbf1-686b16d91611', '[{"size": "Medium", "brand": "Bold Girlz", "color": "Tie Dye Dark Blue", "price": 32, "condition": "new", "salePrice": 0, "sku": "BG-240CY-LST234", "styles": "Egirl Eboy, Athleisure", "availability": "in stock", "salePriceEffectiveDate": null, "variantId": "e33dc350-c6b7-4ad8-9cdc-31830ce31362"}]');
INSERT INTO products (title, description, category_id, id, store_id, owner_user_id, shop_id, brand_id, product_id, properties) VALUES ('Anarchy Tee', 'Anarchy Tee', 'c92a1c54-c178-49b6-8a54-12f6623e3c71', '2f33a1b3-2f01-4bbb-9ff6-a8b4e517b485', 'bc4497d4-6140-4700-bd62-c3ec6f752981', 'fd05c79a-ebfe-418d-83ab-4b372dde7b53', 'fba2fd50-7599-49f5-baca-cfc25ecdd2ce', 'a30d797a-e0de-4b11-8e54-d138622aad95', '2f33a1b3-2f01-4bbb-9ff6-a8b4e517b485', '[{"size": "Medium", "brand": "Bold Girlz", "color": "Black", "price": 28, "condition": "new", "salePrice": 0, "sku": "BG-3600-ANAR45", "styles": "Egirl Eboy, Athleisure", "availability": "in stock", "salePriceEffectiveDate": null, "variantId": "de3a385a-a982-444f-b54e-d3e3e8b58019"}]');
INSERT INTO products (title, description, category_id, id, store_id, owner_user_id, shop_id, brand_id, product_id, properties) VALUES ('Bold Tee', 'Bold Tee', 'c92a1c54-c178-49b6-8a54-12f6623e3c71', 'f046301b-a083-4d28-bd8e-7cad59b01c8c', 'bc4497d4-6140-4700-bd62-c3ec6f752981', 'fd05c79a-ebfe-418d-83ab-4b372dde7b53', 'fba2fd50-7599-49f5-baca-cfc25ecdd2ce', 'a30d797a-e0de-4b11-8e54-d138622aad95', 'f046301b-a083-4d28-bd8e-7cad59b01c8c', '[{"size": "Medium", "brand": "Bold Girlz", "color": "Black", "price": 28, "condition": "new", "salePrice": 0, "sku": "BG-3600-BOLD45", "styles": "Egirl Eboy, Athleisure", "availability": "in stock", "salePriceEffectiveDate": null, "variantId": "5d553bc8-07d5-43ab-82b4-036f4b64002b"}]');
INSERT INTO products (title, description, category_id, id, store_id, owner_user_id, shop_id, brand_id, product_id, properties) VALUES ('JUUB Tee', 'JUUB Tee', 'c92a1c54-c178-49b6-8a54-12f6623e3c71', '7269b5fd-e6cc-4a5b-9379-ea2d64986962', 'bc4497d4-6140-4700-bd62-c3ec6f752981', 'fd05c79a-ebfe-418d-83ab-4b372dde7b53', 'fba2fd50-7599-49f5-baca-cfc25ecdd2ce', 'a30d797a-e0de-4b11-8e54-d138622aad95', '7269b5fd-e6cc-4a5b-9379-ea2d64986962', '[{"size": "Medium", "brand": "Bold Girlz", "color": "Heather Grey", "price": 32, "condition": "new", "salePrice": 0, "sku": "BG-3600-JUBB23", "styles": "Egirl Eboy, Athleisure", "availability": "in stock", "salePriceEffectiveDate": null, "variantId": "dc9c6ea3-d727-4e1b-b60c-3bb0cf1cd255"}]');
INSERT INTO products (title, description, category_id, id, store_id, owner_user_id, shop_id, brand_id, product_id, properties) VALUES ('Tie-Dye Tees', 'Tie-Dye Tees', 'c92a1c54-c178-49b6-8a54-12f6623e3c71', '96ff5508-026a-4a07-ba7d-c972a68f1201', 'bc4497d4-6140-4700-bd62-c3ec6f752981', 'fd05c79a-ebfe-418d-83ab-4b372dde7b53', 'fba2fd50-7599-49f5-baca-cfc25ecdd2ce', 'a30d797a-e0de-4b11-8e54-d138622aad95', '96ff5508-026a-4a07-ba7d-c972a68f1201', '[{"size": "Small", "brand": "Bold Girlz", "color": "Pastel", "price": 36, "condition": "new", "salePrice": 0, "sku": "BG-640VR-BLD234", "styles": "Egirl Eboy, Athleisure", "availability": "in stock", "salePriceEffectiveDate": null, "variantId": "468d5225-226b-417a-9617-c28b946026d4"}]');
INSERT INTO products (title, description, category_id, id, store_id, owner_user_id, shop_id, brand_id, product_id, properties) VALUES ('Long Sleeve Crop Top', 'Long Sleeve Crop Top', 'c92a1c54-c178-49b6-8a54-12f6623e3c71', '12a6d822-1f7c-4a79-854e-d15e13466a20', 'bc4497d4-6140-4700-bd62-c3ec6f752981', 'fd05c79a-ebfe-418d-83ab-4b372dde7b53', 'fba2fd50-7599-49f5-baca-cfc25ecdd2ce', 'a30d797a-e0de-4b11-8e54-d138622aad95', '12a6d822-1f7c-4a79-854e-d15e13466a20', '[{"size": "Small", "brand": "Bold Girlz", "color": "Black", "price": 32, "condition": "new", "salePrice": 0, "sku": "BG-7481-LST234", "styles": "Egirl Eboy, Athleisure", "availability": "in stock", "salePriceEffectiveDate": null, "variantId": "a9b4b7c3-6528-4828-b742-c9a9bb115ea2"}]');
INSERT INTO products (title, description, category_id, id, store_id, owner_user_id, shop_id, brand_id, product_id, properties) VALUES ('Baseball Hat', 'Baseball Hat', '4eef197a-a797-45cf-a896-02905bcb0a15', 'f3a527bd-ba2b-4288-b14e-ca96a573edb4', 'bc4497d4-6140-4700-bd62-c3ec6f752981', 'fd05c79a-ebfe-418d-83ab-4b372dde7b53', 'fba2fd50-7599-49f5-baca-cfc25ecdd2ce', 'a30d797a-e0de-4b11-8e54-d138622aad95', 'f3a527bd-ba2b-4288-b14e-ca96a573edb4', '[{"size": "One Size", "brand": "Bold Girlz", "color": "Black", "price": 25, "condition": "new", "salePrice": 0, "sku": "BG-BCAP-LOGOG1", "styles": "Egirl Eboy, Athleisure", "availability": "in stock", "salePriceEffectiveDate": null, "variantId": "a6ad2de5-7f1c-4547-8a8a-727ff9126391"}]');
INSERT INTO products (title, description, category_id, id, store_id, owner_user_id, shop_id, brand_id, product_id, properties) VALUES ('Beanie', 'Beanie', '4eef197a-a797-45cf-a896-02905bcb0a15', 'b4a5e712-3e8c-4296-b814-337d0fbdaea3', 'bc4497d4-6140-4700-bd62-c3ec6f752981', 'fd05c79a-ebfe-418d-83ab-4b372dde7b53', 'fba2fd50-7599-49f5-baca-cfc25ecdd2ce', 'a30d797a-e0de-4b11-8e54-d138622aad95', 'b4a5e712-3e8c-4296-b814-337d0fbdaea3', '[{"size": "One Size", "brand": "Bold Girlz", "color": "Black", "price": 15, "condition": "new", "salePrice": 0, "sku": "BG-BEANIE-LOGOG1", "styles": "Egirl Eboy, Athleisure", "availability": "in stock", "salePriceEffectiveDate": null, "variantId": "05032abc-57d7-421d-84b5-52d919147a4a"}, {"size": "One Size", "brand": "Bold Girlz", "color": "Dark Blue", "price": 15, "condition": "new", "salePrice": 0, "sku": "BG-BEANIE-LOGOG1", "styles": "Egirl Eboy, Athleisure", "availability": "in stock", "salePriceEffectiveDate": null, "variantId": "9b181c44-a39c-4f4f-a365-424fc1e73d16"}]');
INSERT INTO products (title, description, category_id, id, store_id, owner_user_id, shop_id, brand_id, product_id, properties) VALUES ('BOLD Leggings', 'BOLD Leggings', '85429a3e-1df3-431a-8d97-afb1096ed8da', '8cbc63c6-30e5-4e0b-b8a5-e4980e2b87ea', 'bc4497d4-6140-4700-bd62-c3ec6f752981', 'fd05c79a-ebfe-418d-83ab-4b372dde7b53', 'fba2fd50-7599-49f5-baca-cfc25ecdd2ce', 'a30d797a-e0de-4b11-8e54-d138622aad95', '8cbc63c6-30e5-4e0b-b8a5-e4980e2b87ea', '[{"size": "Medium", "brand": "Bold Girlz", "color": "Black", "price": 19, "condition": "new", "salePrice": 0, "sku": "BG-BEL812-BOLD67", "styles": "Egirl Eboy, Athleisure", "availability": "in stock", "salePriceEffectiveDate": null, "variantId": "fab011e8-900f-4aa2-9ca9-625701ccf382"}, {"size": "Small", "brand": "Bold Girlz", "color": "Black", "price": 19, "condition": "new", "salePrice": 0, "sku": "BG-BEL812-BOLD67", "styles": "Egirl Eboy, Athleisure", "availability": "in stock", "salePriceEffectiveDate": null, "variantId": "1932a12a-5f01-4148-9283-675bde3faf0c"}]');
INSERT INTO products (title, description, category_id, id, store_id, owner_user_id, shop_id, brand_id, product_id, properties) VALUES ('Masks', 'Masks', '4eef197a-a797-45cf-a896-02905bcb0a15', '5eef8b32-8454-492c-b78a-0e0c3d8aa6d3', 'bc4497d4-6140-4700-bd62-c3ec6f752981', 'fd05c79a-ebfe-418d-83ab-4b372dde7b53', 'fba2fd50-7599-49f5-baca-cfc25ecdd2ce', 'a30d797a-e0de-4b11-8e54-d138622aad95', '5eef8b32-8454-492c-b78a-0e0c3d8aa6d3', '[{"size": "One Size", "brand": "Bold Girlz", "color": "Black", "price": 10, "condition": "new", "salePrice": 0, "sku": "BG-MASK-BOLD", "styles": "Egirl Eboy, Athleisure", "availability": "in stock", "salePriceEffectiveDate": null, "variantId": "a89a2eea-6327-4fb8-b326-aed9feee501c"}]');
INSERT INTO products (title, description, category_id, id, store_id, owner_user_id, shop_id, brand_id, product_id, properties) VALUES ('Live In Joggers', 'Live In Joggers', '85429a3e-1df3-431a-8d97-afb1096ed8da', 'e342da8f-6c3b-4c4b-a9c9-70c733fb9602', 'bc4497d4-6140-4700-bd62-c3ec6f752981', 'fd05c79a-ebfe-418d-83ab-4b372dde7b53', 'fba2fd50-7599-49f5-baca-cfc25ecdd2ce', 'a30d797a-e0de-4b11-8e54-d138622aad95', 'e342da8f-6c3b-4c4b-a9c9-70c733fb9602', '[{"size": "Small", "brand": "Bold Girlz", "color": "Sage", "price": 29, "condition": "new", "salePrice": 0, "sku": "BG-PMR20PNT-BOLD67", "styles": "Egirl Eboy, Athleisure", "availability": "in stock", "salePriceEffectiveDate": null, "variantId": "3f7c5ad9-c7a9-4b6f-8435-6b54a9c3d15c"}]');
INSERT INTO products (title, description, category_id, id, store_id, owner_user_id, shop_id, brand_id, product_id, properties) VALUES ('Angel Tie-Dye Hoodies', 'Angel Tie-Dye Hoodies', 'ea0bdf87-57d2-43c8-9ffb-fa67048d9e47', 'c50bf5e0-1f03-472c-aed9-d2aba08cf073', 'bc4497d4-6140-4700-bd62-c3ec6f752981', 'fd05c79a-ebfe-418d-83ab-4b372dde7b53', 'fba2fd50-7599-49f5-baca-cfc25ecdd2ce', 'a30d797a-e0de-4b11-8e54-d138622aad95', 'c50bf5e0-1f03-472c-aed9-d2aba08cf073', '[{"size": "Small", "brand": "Bold Girlz", "color": "Tie Dye Rose", "price": 49, "condition": "new", "salePrice": 0, "sku": "BG-PMR4500-TD-BLD234", "styles": "Egirl Eboy, Athleisure", "availability": "in stock", "salePriceEffectiveDate": null, "variantId": "360c8ace-810e-44a7-985d-c24cbade5c97"}]');
INSERT INTO products (title, description, category_id, id, store_id, owner_user_id, shop_id, brand_id, product_id, properties) VALUES ('BOLD X JUBB Cropped Hoodies', 'BOLD X JUBB Cropped Hoodies', 'ea0bdf87-57d2-43c8-9ffb-fa67048d9e47', '51c4bc32-f73f-401e-a3f2-1243c6a51879', 'bc4497d4-6140-4700-bd62-c3ec6f752981', 'fd05c79a-ebfe-418d-83ab-4b372dde7b53', 'fba2fd50-7599-49f5-baca-cfc25ecdd2ce', 'a30d797a-e0de-4b11-8e54-d138622aad95', '51c4bc32-f73f-401e-a3f2-1243c6a51879', '[{"size": "xs", "brand": "Bold Girlz", "color": "Heather Grey", "price": 42, "condition": "new", "salePrice": 0, "sku": "BG-SS4500-JUBB23", "styles": "Egirl Eboy, Athleisure", "availability": "in stock", "salePriceEffectiveDate": null, "variantId": "75613d66-44b9-4b45-9802-cdef67a27e31"}]');
INSERT INTO products (title, description, category_id, id, store_id, owner_user_id, shop_id, brand_id, product_id, properties) VALUES ('Yes, I'm Open Hoodie', 'Yes, I'm Open Hoodie', 'ea0bdf87-57d2-43c8-9ffb-fa67048d9e47', '3f403667-7b01-4cab-8de5-e2a220e6fa3f', 'bc4497d4-6140-4700-bd62-c3ec6f752981', 'fd05c79a-ebfe-418d-83ab-4b372dde7b53', 'fba2fd50-7599-49f5-baca-cfc25ecdd2ce', 'a30d797a-e0de-4b11-8e54-d138622aad95', '3f403667-7b01-4cab-8de5-e2a220e6fa3f', '[{"size": "Small", "brand": "Bold Girlz", "color": "Sandstone", "price": 49, "condition": "new", "salePrice": 0, "sku": "BG-SS4500-YESO123", "styles": "Egirl Eboy, Athleisure", "availability": "in stock", "salePriceEffectiveDate": null, "variantId": "95b7ebbe-99a9-47a5-a501-ac238b78209c"}]');

INSERT INTO product_videos (product_id, video_id, position, video_uri, cover_image_uri, start_time, video_title) VALUES ('005197bd-017e-42a2-bbf1-686b16d91611', '24184041-5a0d-4236-9d74-960dbedf6d09', 1, 'https://d2whmjegel90p1.cloudfront.net/Product_Videos/v2/batch3-JR318_Let'sShakeItUp/master.m3u8', 'https://d2whmjegel90p1.cloudfront.net/Product_Videos/v2/batch3-JR318_Let'sShakeItUp/preview.jpg', '00:00:00', 'Product Video');
INSERT INTO product_videos (product_id, video_id, position, video_uri, cover_image_uri, start_time, video_title) VALUES ('2f33a1b3-2f01-4bbb-9ff6-a8b4e517b485', 'b77e9cb3-6450-4e74-afab-f3e4b74faf8c', 1, 'https://d2whmjegel90p1.cloudfront.net/Product_Videos/v2/batch3-TD%20308/master.m3u8', 'https://d2whmjegel90p1.cloudfront.net/Product_Videos/v2/batch3-TD%20308/preview.jpg', '00:00:00', 'Product Video');
INSERT INTO product_videos (product_id, video_id, position, video_uri, cover_image_uri, start_time, video_title) VALUES ('f046301b-a083-4d28-bd8e-7cad59b01c8c', 'b77e9cb3-6450-4e74-afab-f3e4b74faf8c', 1, 'https://d2whmjegel90p1.cloudfront.net/Product_Videos/v2/batch3-TD%20308/master.m3u8', 'https://d2whmjegel90p1.cloudfront.net/Product_Videos/v2/batch3-TD%20308/preview.jpg', '00:00:00', 'Product Video');
INSERT INTO product_videos (product_id, video_id, position, video_uri, cover_image_uri, start_time, video_title) VALUES ('7269b5fd-e6cc-4a5b-9379-ea2d64986962', '6247b769-3b30-40ec-8353-419a06474dae', 1, 'https://d2whmjegel90p1.cloudfront.net/Product_Videos/v2/batch3-AM_304_CanYouFeelIt/master.m3u8', 'https://d2whmjegel90p1.cloudfront.net/Product_Videos/v2/batch3-AM_304_CanYouFeelIt/preview.jpg', '00:00:00', 'Product Video');
INSERT INTO product_videos (product_id, video_id, position, video_uri, cover_image_uri, start_time, video_title) VALUES ('96ff5508-026a-4a07-ba7d-c972a68f1201', '229a5a18-0eb4-42a7-9cea-0486fcafc8ee', 1, 'https://d2whmjegel90p1.cloudfront.net/Product_Videos/v2/batch3-TD%20301/master.m3u8', 'https://d2whmjegel90p1.cloudfront.net/Product_Videos/v2/batch3-TD%20301/preview.jpg', '00:00:00', 'Product Video');
INSERT INTO product_videos (product_id, video_id, position, video_uri, cover_image_uri, start_time, video_title) VALUES ('96ff5508-026a-4a07-ba7d-c972a68f1201', 'e3695636-022d-41cc-9a14-a8b46671dc4e', 2, 'https://d2whmjegel90p1.cloudfront.net/Product_Videos/v2/batch3-TD%20306/master.m3u8', 'https://d2whmjegel90p1.cloudfront.net/Product_Videos/v2/batch3-TD%20306/preview.jpg', '00:00:00', 'Product Video');
INSERT INTO product_videos (product_id, video_id, position, video_uri, cover_image_uri, start_time, video_title) VALUES ('12a6d822-1f7c-4a79-854e-d15e13466a20', '5740e818-2239-49f5-b98f-700ddc90635c', 1, 'https://d2whmjegel90p1.cloudfront.net/Product_Videos/v2/batch3-JR317_GoldieMan/master.m3u8', 'https://d2whmjegel90p1.cloudfront.net/Product_Videos/v2/batch3-JR317_GoldieMan/preview.jpg', '00:00:00', 'Product Video');
INSERT INTO product_videos (product_id, video_id, position, video_uri, cover_image_uri, start_time, video_title) VALUES ('12a6d822-1f7c-4a79-854e-d15e13466a20', '6b90dbed-abb7-4579-b63f-3e44cf548285', 2, 'https://d2whmjegel90p1.cloudfront.net/Product_Videos/v2/batch3-TD%20310/master.m3u8', 'https://d2whmjegel90p1.cloudfront.net/Product_Videos/v2/batch3-TD%20310/preview.jpg', '00:00:00', 'Product Video');
INSERT INTO product_videos (product_id, video_id, position, video_uri, cover_image_uri, start_time, video_title) VALUES ('12a6d822-1f7c-4a79-854e-d15e13466a20', '9d34e073-6fe8-43fc-9fa0-3e642de16231', 3, 'https://d2whmjegel90p1.cloudfront.net/Product_Videos/v2/batch3-TD%20311/master.m3u8', 'https://d2whmjegel90p1.cloudfront.net/Product_Videos/v2/batch3-TD%20311/preview.jpg', '00:00:00', 'Product Video');
INSERT INTO product_videos (product_id, video_id, position, video_uri, cover_image_uri, start_time, video_title) VALUES ('f3a527bd-ba2b-4288-b14e-ca96a573edb4', '9d34e073-6fe8-43fc-9fa0-3e642de16231', 2, 'https://d2whmjegel90p1.cloudfront.net/Product_Videos/v2/batch3-TD%20311/master.m3u8', 'https://d2whmjegel90p1.cloudfront.net/Product_Videos/v2/batch3-TD%20311/preview.jpg', '00:00:00', 'Product Video');
INSERT INTO product_videos (product_id, video_id, position, video_uri, cover_image_uri, start_time, video_title) VALUES ('f3a527bd-ba2b-4288-b14e-ca96a573edb4', '9d34e073-6fe8-43fc-9fa0-3e642de16231', 2, 'https://d2whmjegel90p1.cloudfront.net/Product_Videos/v2/batch3-TD%20311/master.m3u8', 'https://d2whmjegel90p1.cloudfront.net/Product_Videos/v2/batch3-TD%20311/preview.jpg', '00:00:00', 'Product Video');
INSERT INTO product_videos (product_id, video_id, position, video_uri, cover_image_uri, start_time, video_title) VALUES ('b4a5e712-3e8c-4296-b814-337d0fbdaea3', 'c93dec8f-acbb-45e6-aa25-ad9c0ce10d80', 1, 'https://d2whmjegel90p1.cloudfront.net/Product_Videos/v2/batch3-AM_303_BlueSun/master.m3u8', 'https://d2whmjegel90p1.cloudfront.net/Product_Videos/v2/batch3-AM_303_BlueSun/preview.jpg', '00:00:00', 'Product Video');
INSERT INTO product_videos (product_id, video_id, position, video_uri, cover_image_uri, start_time, video_title) VALUES ('b4a5e712-3e8c-4296-b814-337d0fbdaea3', '65645343-b1a6-4ed6-a41b-1382d2476772', 2, 'https://d2whmjegel90p1.cloudfront.net/Product_Videos/v2/batch3-AM_317_Suncopation/master.m3u8', 'https://d2whmjegel90p1.cloudfront.net/Product_Videos/v2/batch3-AM_317_Suncopation/preview.jpg', '00:00:00', 'Product Video');
INSERT INTO product_videos (product_id, video_id, position, video_uri, cover_image_uri, start_time, video_title) VALUES ('8cbc63c6-30e5-4e0b-b8a5-e4980e2b87ea', '6b90dbed-abb7-4579-b63f-3e44cf548285', 4, 'https://d2whmjegel90p1.cloudfront.net/Product_Videos/v2/batch3-TD%20310/master.m3u8', 'https://d2whmjegel90p1.cloudfront.net/Product_Videos/v2/batch3-TD%20310/preview.jpg', '00:00:00', 'Product Video');
INSERT INTO product_videos (product_id, video_id, position, video_uri, cover_image_uri, start_time, video_title) VALUES ('8cbc63c6-30e5-4e0b-b8a5-e4980e2b87ea', '6b90dbed-abb7-4579-b63f-3e44cf548285', 4, 'https://d2whmjegel90p1.cloudfront.net/Product_Videos/v2/batch3-TD%20310/master.m3u8', 'https://d2whmjegel90p1.cloudfront.net/Product_Videos/v2/batch3-TD%20310/preview.jpg', '00:00:00', 'Product Video');
INSERT INTO product_videos (product_id, video_id, position, video_uri, cover_image_uri, start_time, video_title) VALUES ('8cbc63c6-30e5-4e0b-b8a5-e4980e2b87ea', '9d34e073-6fe8-43fc-9fa0-3e642de16231', 5, 'https://d2whmjegel90p1.cloudfront.net/Product_Videos/v2/batch3-TD%20311/master.m3u8', 'https://d2whmjegel90p1.cloudfront.net/Product_Videos/v2/batch3-TD%20311/preview.jpg', '00:00:00', 'Product Video');
INSERT INTO product_videos (product_id, video_id, position, video_uri, cover_image_uri, start_time, video_title) VALUES ('8cbc63c6-30e5-4e0b-b8a5-e4980e2b87ea', 'ed5670b0-f314-4735-a270-982fcee0ee56', 1, 'https://d2whmjegel90p1.cloudfront.net/Product_Videos/v2/batch3-JR302_UnconditionalFuture/master.m3u8', 'https://d2whmjegel90p1.cloudfront.net/Product_Videos/v2/batch3-JR302_UnconditionalFuture/preview.jpg', '00:00:00', 'Product Video');
INSERT INTO product_videos (product_id, video_id, position, video_uri, cover_image_uri, start_time, video_title) VALUES ('8cbc63c6-30e5-4e0b-b8a5-e4980e2b87ea', '1ea94f39-ee2c-49db-a3fe-6d3cd8d7e6e0', 2, 'https://d2whmjegel90p1.cloudfront.net/Product_Videos/v2/batch3-MW_303_Pop_That/master.m3u8', 'https://d2whmjegel90p1.cloudfront.net/Product_Videos/v2/batch3-MW_303_Pop_That/preview.jpg', '00:00:00', 'Product Video');
INSERT INTO product_videos (product_id, video_id, position, video_uri, cover_image_uri, start_time, video_title) VALUES ('5eef8b32-8454-492c-b78a-0e0c3d8aa6d3', 'cd099c5d-5c5c-4b67-a354-fd233debdf8a', 1, 'https://d2whmjegel90p1.cloudfront.net/Product_Videos/v2/batch3-TD%20309/master.m3u8', 'https://d2whmjegel90p1.cloudfront.net/Product_Videos/v2/batch3-TD%20309/preview.jpg', '00:00:00', 'Product Video');
INSERT INTO product_videos (product_id, video_id, position, video_uri, cover_image_uri, start_time, video_title) VALUES ('e342da8f-6c3b-4c4b-a9c9-70c733fb9602', '9a1435d4-f82b-4bb9-a91a-40b579d222cc', 2, 'https://d2whmjegel90p1.cloudfront.net/Product_Videos/v2/batch3-KY_313_314_Everyday_Is_A_Party/master.m3u8', 'https://d2whmjegel90p1.cloudfront.net/Product_Videos/v2/batch3-KY_313_314_Everyday_Is_A_Party/preview.jpg', '00:00:00', 'Product Video');
INSERT INTO product_videos (product_id, video_id, position, video_uri, cover_image_uri, start_time, video_title) VALUES ('e342da8f-6c3b-4c4b-a9c9-70c733fb9602', '9a1435d4-f82b-4bb9-a91a-40b579d222cc', 2, 'https://d2whmjegel90p1.cloudfront.net/Product_Videos/v2/batch3-KY_313_314_Everyday_Is_A_Party/master.m3u8', 'https://d2whmjegel90p1.cloudfront.net/Product_Videos/v2/batch3-KY_313_314_Everyday_Is_A_Party/preview.jpg', '00:00:00', 'Product Video');
INSERT INTO product_videos (product_id, video_id, position, video_uri, cover_image_uri, start_time, video_title) VALUES ('c50bf5e0-1f03-472c-aed9-d2aba08cf073', 'c1e69c30-f48f-41c5-8b4d-d6a91583598e', 1, 'https://d2whmjegel90p1.cloudfront.net/Product_Videos/v2/batch3-EH_304_InNOut/master.m3u8', 'https://d2whmjegel90p1.cloudfront.net/Product_Videos/v2/batch3-EH_304_InNOut/preview.jpg', '00:00:00', 'Product Video');
INSERT INTO product_videos (product_id, video_id, position, video_uri, cover_image_uri, start_time, video_title) VALUES ('51c4bc32-f73f-401e-a3f2-1243c6a51879', '80aaa2a4-4a17-47a9-8d76-c217fecbe5eb', 1, 'https://d2whmjegel90p1.cloudfront.net/Product_Videos/v2/batch3-AM_305_CantStopMe/master.m3u8', 'https://d2whmjegel90p1.cloudfront.net/Product_Videos/v2/batch3-AM_305_CantStopMe/preview.jpg', '00:00:00', 'Product Video');
INSERT INTO product_videos (product_id, video_id, position, video_uri, cover_image_uri, start_time, video_title) VALUES ('3f403667-7b01-4cab-8de5-e2a220e6fa3f', 'eded8c24-9a7d-46c0-9da3-0b4cc2c826d5', 1, 'https://d2whmjegel90p1.cloudfront.net/Product_Videos/v2/batch3-KY_301_Vision/master.m3u8', 'https://d2whmjegel90p1.cloudfront.net/Product_Videos/v2/batch3-KY_301_Vision/preview.jpg', '00:00:00', 'Product Video');
INSERT INTO product_videos (product_id, video_id, position, video_uri, cover_image_uri, start_time, video_title) VALUES ('3f403667-7b01-4cab-8de5-e2a220e6fa3f', '90597196-269d-4aed-802b-5a4386136e09', 2, 'https://d2whmjegel90p1.cloudfront.net/Product_Videos/v2/batch3-TD%20313/master.m3u8', 'https://d2whmjegel90p1.cloudfront.net/Product_Videos/v2/batch3-TD%20313/preview.jpg', '00:00:00', 'Product Video');
INSERT INTO product_videos (product_id, video_id, position, video_uri, cover_image_uri, start_time, video_title) VALUES ('3f403667-7b01-4cab-8de5-e2a220e6fa3f', 'f5767ded-6998-4b18-9cdb-5f9382323b04', 3, 'https://d2whmjegel90p1.cloudfront.net/Product_Videos/v2/batch3-TD%20314/master.m3u8', 'https://d2whmjegel90p1.cloudfront.net/Product_Videos/v2/batch3-TD%20314/preview.jpg', '00:00:00', 'Product Video');

INSERT INTO product_images (product_id, position, image_uri) VALUES ('7269b5fd-e6cc-4a5b-9379-ea2d64986962', 1, 'https://d2whmjegel90p1.cloudfront.net/images/batch3/BG-3600-JUBB23.jpg');
INSERT INTO product_images (product_id, position, image_uri) VALUES ('e342da8f-6c3b-4c4b-a9c9-70c733fb9602', 1, 'https://d2whmjegel90p1.cloudfront.net/images/batch3/BG-PMR20PNT-BOLD67.jpg');
INSERT INTO product_images (product_id, position, image_uri) VALUES ('3f403667-7b01-4cab-8de5-e2a220e6fa3f', 1, 'https://d2whmjegel90p1.cloudfront.net/images/batch3/BG-SS4500-YESO123.jpg');
INSERT INTO product_images (product_id, position, image_uri) VALUES ('f046301b-a083-4d28-bd8e-7cad59b01c8c', 1, 'https://d2whmjegel90p1.cloudfront.net/images/batch3/BG-3600-BOLD45.jpg');
INSERT INTO product_images (product_id, position, image_uri) VALUES ('96ff5508-026a-4a07-ba7d-c972a68f1201', 1, 'https://d2whmjegel90p1.cloudfront.net/images/batch3/BG-640VR-BLD234.jpg');
INSERT INTO product_images (product_id, position, image_uri) VALUES ('12a6d822-1f7c-4a79-854e-d15e13466a20', 1, 'https://d2whmjegel90p1.cloudfront.net/images/batch3/BG-7481-LST234.jpg');
INSERT INTO product_images (product_id, position, image_uri) VALUES ('005197bd-017e-42a2-bbf1-686b16d91611', 1, 'https://d2whmjegel90p1.cloudfront.net/images/batch3/BG-240CY-LST234.jpg');
INSERT INTO product_images (product_id, position, image_uri) VALUES ('b4a5e712-3e8c-4296-b814-337d0fbdaea3', 1, 'https://d2whmjegel90p1.cloudfront.net/images/batch3/BG-BEANIE-LOGOG1.jpg');
INSERT INTO product_images (product_id, position, image_uri) VALUES ('c50bf5e0-1f03-472c-aed9-d2aba08cf073', 1, 'https://d2whmjegel90p1.cloudfront.net/images/batch3/BG-PMR4500-TD-BLD234.jpg');
INSERT INTO product_images (product_id, position, image_uri) VALUES ('2f33a1b3-2f01-4bbb-9ff6-a8b4e517b485', 1, 'https://d2whmjegel90p1.cloudfront.net/images/batch3/BG-3600-ANAR45.jpg');
INSERT INTO product_images (product_id, position, image_uri) VALUES ('5eef8b32-8454-492c-b78a-0e0c3d8aa6d3', 1, 'https://d2whmjegel90p1.cloudfront.net/images/batch3/BG-MASK-BOLD.jpg');
INSERT INTO product_images (product_id, position, image_uri) VALUES ('51c4bc32-f73f-401e-a3f2-1243c6a51879', 1, 'https://d2whmjegel90p1.cloudfront.net/images/batch3/BG-SS4500-JUBB23.jpg');
INSERT INTO product_images (product_id, position, image_uri) VALUES ('f3a527bd-ba2b-4288-b14e-ca96a573edb4', 1, 'https://d2whmjegel90p1.cloudfront.net/images/batch3/BG-BCAP-LOGOG1.jpg');
INSERT INTO product_images (product_id, position, image_uri) VALUES ('8cbc63c6-30e5-4e0b-b8a5-e4980e2b87ea', 1, 'https://d2whmjegel90p1.cloudfront.net/images/batch3/BG-BEL812-BOLD67.jpg');


-- +pig Down

DELETE FROM product_images WHERE product_id IN ('005197bd-017e-42a2-bbf1-686b16d91611', '2f33a1b3-2f01-4bbb-9ff6-a8b4e517b485', 'f046301b-a083-4d28-bd8e-7cad59b01c8c', '7269b5fd-e6cc-4a5b-9379-ea2d64986962', '96ff5508-026a-4a07-ba7d-c972a68f1201', '12a6d822-1f7c-4a79-854e-d15e13466a20', '38b24d76-00e9-40a8-bd25-65fa73df2af9', 'f3a527bd-ba2b-4288-b14e-ca96a573edb4', 'b4a5e712-3e8c-4296-b814-337d0fbdaea3', '8cbc63c6-30e5-4e0b-b8a5-e4980e2b87ea', '5eef8b32-8454-492c-b78a-0e0c3d8aa6d3', 'e342da8f-6c3b-4c4b-a9c9-70c733fb9602', 'c50bf5e0-1f03-472c-aed9-d2aba08cf073', '611cb8b5-ea22-412d-8793-ac05d28ec377', '51c4bc32-f73f-401e-a3f2-1243c6a51879', '3f403667-7b01-4cab-8de5-e2a220e6fa3f');
DELETE FROM product_videos WHERE product_id IN ('005197bd-017e-42a2-bbf1-686b16d91611', '2f33a1b3-2f01-4bbb-9ff6-a8b4e517b485', 'f046301b-a083-4d28-bd8e-7cad59b01c8c', '7269b5fd-e6cc-4a5b-9379-ea2d64986962', '96ff5508-026a-4a07-ba7d-c972a68f1201', '12a6d822-1f7c-4a79-854e-d15e13466a20', '38b24d76-00e9-40a8-bd25-65fa73df2af9', 'f3a527bd-ba2b-4288-b14e-ca96a573edb4', 'b4a5e712-3e8c-4296-b814-337d0fbdaea3', '8cbc63c6-30e5-4e0b-b8a5-e4980e2b87ea', '5eef8b32-8454-492c-b78a-0e0c3d8aa6d3', 'e342da8f-6c3b-4c4b-a9c9-70c733fb9602', 'c50bf5e0-1f03-472c-aed9-d2aba08cf073', '611cb8b5-ea22-412d-8793-ac05d28ec377', '51c4bc32-f73f-401e-a3f2-1243c6a51879', '3f403667-7b01-4cab-8de5-e2a220e6fa3f');
DELETE FROM products WHERE id IN ('005197bd-017e-42a2-bbf1-686b16d91611', '2f33a1b3-2f01-4bbb-9ff6-a8b4e517b485', 'f046301b-a083-4d28-bd8e-7cad59b01c8c', '7269b5fd-e6cc-4a5b-9379-ea2d64986962', '96ff5508-026a-4a07-ba7d-c972a68f1201', '12a6d822-1f7c-4a79-854e-d15e13466a20', '38b24d76-00e9-40a8-bd25-65fa73df2af9', 'f3a527bd-ba2b-4288-b14e-ca96a573edb4', 'b4a5e712-3e8c-4296-b814-337d0fbdaea3', '8cbc63c6-30e5-4e0b-b8a5-e4980e2b87ea', '5eef8b32-8454-492c-b78a-0e0c3d8aa6d3', 'e342da8f-6c3b-4c4b-a9c9-70c733fb9602', 'c50bf5e0-1f03-472c-aed9-d2aba08cf073', '611cb8b5-ea22-412d-8793-ac05d28ec377', '51c4bc32-f73f-401e-a3f2-1243c6a51879', '3f403667-7b01-4cab-8de5-e2a220e6fa3f');
