
-- +pig Name: 00__items
-- +pig Requirements:
-- +pig Up

INSERT INTO products (title, description, category_id, id, store_id, owner_user_id, shop_id, brand_id, product_id, properties)
VALUES
(E'Lucy', E'Lucy', 'c8a21666-562f-4450-a834-c5e0d132928c', 'bc8f2e6a-af5a-41d9-b72c-297dcb3f96fe', 'bc4497d4-6140-4700-bd62-c3ec6f752981', 'fd05c79a-ebfe-418d-83ab-4b372dde7b53', 'c2d2cd5c-70ab-48d6-b061-bf146aa78769', '2322c96c-e8d4-46f4-82b2-61e51bbb286e', 'bc8f2e6a-af5a-41d9-b72c-297dcb3f96fe', '[{"size": "Small", "brand": "Urban Expressions", "color": "Natural", "price": 90, "condition": "new", "salePrice": 0, "sku": 10829, "styles": "Egirl Eboy, Athleisure", "availability": "in stock", "salePriceEffectiveDate": null, "variantId": "fa259bf4-900e-4126-bdd1-223b10b2fb25"}]'),
(E'Tye Dye Sweat Pants/Joggers', E'Tye Dye Sweat Pants/Joggers', '85429a3e-1df3-431a-8d97-afb1096ed8da', '9e3f53ea-ef05-46cb-83ef-cf4d7c1cbd93', 'bc4497d4-6140-4700-bd62-c3ec6f752981', 'fd05c79a-ebfe-418d-83ab-4b372dde7b53', 'fba2fd50-7599-49f5-baca-cfc25ecdd2ce', 'a30d797a-e0de-4b11-8e54-d138622aad95', '9e3f53ea-ef05-46cb-83ef-cf4d7c1cbd93', '[{"size": "Small", "brand": "Bold Girlz", "color": "Rainbow", "price": 15, "condition": "new", "salePrice": 0, "sku": "102TS4878", "styles": "Egirl Eboy, Athleisure", "availability": "in stock", "salePriceEffectiveDate": null, "variantId": "b0279bbf-0137-4aa4-a66c-41756f905b3d"}]'),
(E'Motivator', E'Motivator', 'c8a21666-562f-4450-a834-c5e0d132928c', 'a0e0d1a7-edfe-4fd1-a0cc-4a376b82b1d3', 'bc4497d4-6140-4700-bd62-c3ec6f752981', 'fd05c79a-ebfe-418d-83ab-4b372dde7b53', '7178a36e-5259-460b-a8ec-4eb475f3e0f1', '3240235c-6630-4e11-9c21-186772dc7a57', 'a0e0d1a7-edfe-4fd1-a0cc-4a376b82b1d3', '[{"size": "Medium", "brand": "Sol & Selene", "color": "Camo", "price": 90, "condition": "new", "salePrice": 0, "sku": "1269SS", "styles": "Egirl Eboy, Athleisure", "availability": "in stock", "salePriceEffectiveDate": null, "variantId": "ceb55590-4e60-48d1-8b49-e1532182c27d"}]'),
(E'Kenzie', E'Kenzie', 'c8a21666-562f-4450-a834-c5e0d132928c', 'd2f5a75d-505d-4659-a08b-29ce9289b902', 'bc4497d4-6140-4700-bd62-c3ec6f752981', 'fd05c79a-ebfe-418d-83ab-4b372dde7b53', 'c2d2cd5c-70ab-48d6-b061-bf146aa78769', '2322c96c-e8d4-46f4-82b2-61e51bbb286e', 'd2f5a75d-505d-4659-a08b-29ce9289b902', '[{"size": "Small", "brand": "Urban Expressions", "color": "Natural", "price": 90, "condition": "new", "salePrice": 0, "sku": "14087", "styles": "Egirl Eboy, Athleisure", "availability": "in stock", "salePriceEffectiveDate": null, "variantId": "d7b7a085-4616-427c-90bd-0ea4ac2bd211"}]'),
(E'Lennon', E'Lennon', 'c8a21666-562f-4450-a834-c5e0d132928c', '7cd9ac8f-58e7-4aa8-9929-aae9a352cb98', 'bc4497d4-6140-4700-bd62-c3ec6f752981', 'fd05c79a-ebfe-418d-83ab-4b372dde7b53', 'c2d2cd5c-70ab-48d6-b061-bf146aa78769', '2322c96c-e8d4-46f4-82b2-61e51bbb286e', '7cd9ac8f-58e7-4aa8-9929-aae9a352cb98', '[{"size": "Large", "brand": "Urban Expressions", "color": "Conac", "price": 90, "condition": "new", "salePrice": 0, "sku": "14386", "styles": "Egirl Eboy, Athleisure", "availability": "in stock", "salePriceEffectiveDate": null, "variantId": "fafb1fd8-fe40-4b62-8b0f-a6f1a5f14f3b"}]'),
(E'Hip Hugger', E'Hip Hugger', 'c8a21666-562f-4450-a834-c5e0d132928c', 'b1368bbe-1d9c-484a-afc3-25cfda51a954', 'bc4497d4-6140-4700-bd62-c3ec6f752981', 'fd05c79a-ebfe-418d-83ab-4b372dde7b53', '7178a36e-5259-460b-a8ec-4eb475f3e0f1', '3240235c-6630-4e11-9c21-186772dc7a57', 'b1368bbe-1d9c-484a-afc3-25cfda51a954', '[{"size": "Small", "brand": "Sol & Selene", "color": "Black Star", "price": 90, "condition": "new", "salePrice": 0, "sku": "16042SS", "styles": "Egirl Eboy, Athleisure", "availability": "in stock", "salePriceEffectiveDate": null, "variantId": "7ed7858d-e9ff-4e1b-a12b-da0677c16257"}]'),
(E'Tye Dyed Knit Shorts With Drawstring', E'Tye Dyed Knit Shorts With Drawstring', '85429a3e-1df3-431a-8d97-afb1096ed8da', '3b86010f-bf0d-4711-a00c-01352223259e', 'bc4497d4-6140-4700-bd62-c3ec6f752981', 'fd05c79a-ebfe-418d-83ab-4b372dde7b53', 'fba2fd50-7599-49f5-baca-cfc25ecdd2ce', 'a30d797a-e0de-4b11-8e54-d138622aad95', '3b86010f-bf0d-4711-a00c-01352223259e', '[{"size": "Small", "brand": "Bold Girlz", "color": "Misty Rose", "price": 16, "condition": "new", "salePrice": 0, "sku": "171TS2657", "styles": "Egirl Eboy, Athleisure", "availability": "in stock", "salePriceEffectiveDate": null, "variantId": "08f8f6ff-e343-424d-bcd7-f7307c421b6c"}]'),
(E'Tie Dye Hoodie With Leopard Sleeves', E'Tie Dye Hoodie With Leopard Sleeves', 'c92a1c54-c178-49b6-8a54-12f6623e3c71', 'c4429bbf-c431-4600-8875-8c60e7e24f0e', 'bc4497d4-6140-4700-bd62-c3ec6f752981', 'fd05c79a-ebfe-418d-83ab-4b372dde7b53', 'fba2fd50-7599-49f5-baca-cfc25ecdd2ce', 'a30d797a-e0de-4b11-8e54-d138622aad95', 'c4429bbf-c431-4600-8875-8c60e7e24f0e', '[{"size": "Small", "brand": "Bold Girlz", "color": "Charcoal", "price": 16, "condition": "new", "salePrice": 0, "sku": "171TS9608", "styles": "Egirl Eboy, Athleisure", "availability": "in stock", "salePriceEffectiveDate": null, "variantId": "c22d6464-3853-41b3-8368-8af3cf4ff1ac"}]'),
(E'Tie Dye Top & Short Set', E'Tie Dye Top & Short Set', 'c92a1c54-c178-49b6-8a54-12f6623e3c71', '133dce27-748f-4003-a97c-4f43e3414704', 'bc4497d4-6140-4700-bd62-c3ec6f752981', 'fd05c79a-ebfe-418d-83ab-4b372dde7b53', 'fba2fd50-7599-49f5-baca-cfc25ecdd2ce', 'a30d797a-e0de-4b11-8e54-d138622aad95', '133dce27-748f-4003-a97c-4f43e3414704', '[{"size": "Small", "brand": "Bold Girlz", "color": "Blue", "price": 20, "condition": "new", "salePrice": 0, "sku": "171TS9613", "styles": "Egirl Eboy, Athleisure", "availability": "in stock", "salePriceEffectiveDate": null, "variantId": "45437a16-69b7-49c2-a1c2-3184e6c9d880"}]'),
(E'Chest Slit Tie Dye Long Sleeve Crop Top', E'Chest Slit Tie Dye Long Sleeve Crop Top', 'c92a1c54-c178-49b6-8a54-12f6623e3c71', 'c873abc3-e7c6-4e57-9743-b9cfdf96e85f', 'bc4497d4-6140-4700-bd62-c3ec6f752981', 'fd05c79a-ebfe-418d-83ab-4b372dde7b53', 'fba2fd50-7599-49f5-baca-cfc25ecdd2ce', 'a30d797a-e0de-4b11-8e54-d138622aad95', 'c873abc3-e7c6-4e57-9743-b9cfdf96e85f', '[{"size": "Small", "brand": "Bold Girlz", "color": "Purple", "price": 17, "condition": "new", "salePrice": 0, "sku": "173TS7712", "styles": "Egirl Eboy, Athleisure", "availability": "in stock", "salePriceEffectiveDate": null, "variantId": "e954be7b-b611-4964-a83a-fd927ddac439"}]'),
(E'Paola', E'Paola', 'c8a21666-562f-4450-a834-c5e0d132928c', '58ddcdcd-4696-4617-bcf6-006040f1b615', 'bc4497d4-6140-4700-bd62-c3ec6f752981', 'fd05c79a-ebfe-418d-83ab-4b372dde7b53', 'c03c4fcb-7ce7-4cde-ad67-918229268231', 'd5b07b29-05d1-478e-ab1f-e7354b9dd337', '58ddcdcd-4696-4617-bcf6-006040f1b615', '[{"size": "Medium", "brand": "Moda Luxe `", "color": "Sky Blue", "price": 90, "condition": "new", "salePrice": 0, "sku": "19419ML", "styles": "Egirl Eboy, Athleisure", "availability": "in stock", "salePriceEffectiveDate": null, "variantId": "28fc78d0-0897-47da-bce7-9c703dc0b6e5"}]'),
(E'Divide & Conquer', E'Divide & Conquer', 'c8a21666-562f-4450-a834-c5e0d132928c', '591e1277-9a4c-4a4b-bc46-29efd19bf8ec', 'bc4497d4-6140-4700-bd62-c3ec6f752981', 'fd05c79a-ebfe-418d-83ab-4b372dde7b53', '7178a36e-5259-460b-a8ec-4eb475f3e0f1', '3240235c-6630-4e11-9c21-186772dc7a57', '591e1277-9a4c-4a4b-bc46-29efd19bf8ec', '[{"size": "Small", "brand": "Sol & Selene", "color": "Blue Camo Silver", "price": 90, "condition": "new", "salePrice": 0, "sku": "20464SS", "styles": "Egirl Eboy, Athleisure", "availability": "in stock", "salePriceEffectiveDate": null, "variantId": "a1bd8e41-893a-4752-a6e5-ab125cc5139d"}]'),
(E'Layne', E'Layne', 'c8a21666-562f-4450-a834-c5e0d132928c', '6d3dcc48-0332-4e6e-b22f-a102b7e59847', 'bc4497d4-6140-4700-bd62-c3ec6f752981', 'fd05c79a-ebfe-418d-83ab-4b372dde7b53', 'c03c4fcb-7ce7-4cde-ad67-918229268231', 'd5b07b29-05d1-478e-ab1f-e7354b9dd337', '6d3dcc48-0332-4e6e-b22f-a102b7e59847', '[{"size": "Medium", "brand": "Moda Luxe `", "color": "Natural", "price": 90, "condition": "new", "salePrice": 0, "sku": "22635ML", "styles": "Egirl Eboy, Athleisure", "availability": "in stock", "salePriceEffectiveDate": null, "variantId": "f93aead5-c21c-4e51-a05d-bf121efbd180"}]'),
(E'Firework Tie Dye Long Crop Hoodie', E'Firework Tie Dye Long Crop Hoodie', 'c92a1c54-c178-49b6-8a54-12f6623e3c71', '0e9a11b1-f371-4f2c-9555-33a752e754a5', 'bc4497d4-6140-4700-bd62-c3ec6f752981', 'fd05c79a-ebfe-418d-83ab-4b372dde7b53', 'fba2fd50-7599-49f5-baca-cfc25ecdd2ce', 'a30d797a-e0de-4b11-8e54-d138622aad95', '0e9a11b1-f371-4f2c-9555-33a752e754a5', '[{"size": "Small", "brand": "Bold Girlz", "color": "Blue/White", "price": 18, "condition": "new", "salePrice": 0, "sku": "235TS1065", "styles": "Egirl Eboy, Athleisure", "availability": "in stock", "salePriceEffectiveDate": null, "variantId": "b19dc2cf-4080-4b7b-82ca-4a37dcdf12aa"}]'),
(E'Tie Back Long Sleeve Crop Top', E'Tie Back Long Sleeve Crop Top', 'c92a1c54-c178-49b6-8a54-12f6623e3c71', 'cea392c5-00b4-488e-a373-e5047e9593c8', 'bc4497d4-6140-4700-bd62-c3ec6f752981', 'fd05c79a-ebfe-418d-83ab-4b372dde7b53', 'fba2fd50-7599-49f5-baca-cfc25ecdd2ce', 'a30d797a-e0de-4b11-8e54-d138622aad95', 'cea392c5-00b4-488e-a373-e5047e9593c8', '[{"size": "Small/Medium", "brand": "Bold Girlz", "color": "Dust  Blue", "price": 15, "condition": "new", "salePrice": 0, "sku": "69TS87259", "styles": "Egirl Eboy, Athleisure", "availability": "in stock", "salePriceEffectiveDate": null, "variantId": "74af05d6-50c3-41c7-893c-6f7176132fc4"}]'),
(E'Tie-Dye Tees', E'Tie-Dye Tees', 'c92a1c54-c178-49b6-8a54-12f6623e3c71', '123e9354-79ef-42f4-a3ea-5528a17aba4d', 'bc4497d4-6140-4700-bd62-c3ec6f752981', 'fd05c79a-ebfe-418d-83ab-4b372dde7b53', 'fba2fd50-7599-49f5-baca-cfc25ecdd2ce', 'a30d797a-e0de-4b11-8e54-d138622aad95', '123e9354-79ef-42f4-a3ea-5528a17aba4d', '[{"size": "Small", "brand": "Bold Girlz", "color": "Pastel", "price": 36, "condition": "new", "salePrice": 0, "sku": "BG-640VR-BLD234", "styles": "Egirl Eboy, Athleisure", "availability": "in stock", "salePriceEffectiveDate": null, "variantId": "f6b83b96-8156-4ec9-9770-95f2665b337c"}]'),
(E'Yes,I\'m Open Hoodie', E'Yes,I\'m Open Hoodie', 'ea0bdf87-57d2-43c8-9ffb-fa67048d9e47', '5200b86a-274b-41aa-963f-67206c29b6b6', 'bc4497d4-6140-4700-bd62-c3ec6f752981', 'fd05c79a-ebfe-418d-83ab-4b372dde7b53', 'fba2fd50-7599-49f5-baca-cfc25ecdd2ce', 'a30d797a-e0de-4b11-8e54-d138622aad95', '5200b86a-274b-41aa-963f-67206c29b6b6', '[{"size": "Small", "brand": "Bold Girlz", "color": "Black", "price": 19, "condition": "new", "salePrice": 0, "sku": "BG-BEL812-BOLD67", "styles": "Egirl Eboy, Athleisure", "availability": "in stock", "salePriceEffectiveDate": null, "variantId": "51470fc8-c1b3-4b94-ba5f-b364d91d14c4"}]'),
(E'Live In Joggers', E'Live In Joggers', '85429a3e-1df3-431a-8d97-afb1096ed8da', 'aa13b63e-8f4d-40bf-a008-351137590d3c', 'bc4497d4-6140-4700-bd62-c3ec6f752981', 'fd05c79a-ebfe-418d-83ab-4b372dde7b53', 'fba2fd50-7599-49f5-baca-cfc25ecdd2ce', 'a30d797a-e0de-4b11-8e54-d138622aad95', 'aa13b63e-8f4d-40bf-a008-351137590d3c', '[{"size": "Small", "brand": "Bold Girlz", "color": "Sage", "price": 29, "condition": "new", "salePrice": 0, "sku": "BG-PMR20PNT-BOLD67", "styles": "Egirl Eboy, Athleisure", "availability": "in stock", "salePriceEffectiveDate": null, "variantId": "77109876-0906-4a89-8479-e88e7f1ee228"}]'),
(E'Graffiti Hoodie', E'Graffiti Hoodie', 'ea0bdf87-57d2-43c8-9ffb-fa67048d9e47', '27f72636-26b2-45f6-b3d6-6087d1c897e1', 'bc4497d4-6140-4700-bd62-c3ec6f752981', 'fd05c79a-ebfe-418d-83ab-4b372dde7b53', 'fba2fd50-7599-49f5-baca-cfc25ecdd2ce', 'a30d797a-e0de-4b11-8e54-d138622aad95', '27f72636-26b2-45f6-b3d6-6087d1c897e1', '[{"size": "Small", "brand": "Bold Girlz", "color": "Pink", "price": 39, "condition": "new", "salePrice": 0, "sku": "BG-SS4500-GRAF234", "styles": "Egirl Eboy, Athleisure", "availability": "in stock", "salePriceEffectiveDate": null, "variantId": "7afa7b6b-adca-40bd-aef3-03a534c1d77c"}]'),
(E'Tie Dye Activewear Yoga Pants', E'Tie Dye Activewear Yoga Pants', '85429a3e-1df3-431a-8d97-afb1096ed8da', '751cb800-c031-47bb-9ac9-46f8475a8c80', 'bc4497d4-6140-4700-bd62-c3ec6f752981', 'fd05c79a-ebfe-418d-83ab-4b372dde7b53', 'fba2fd50-7599-49f5-baca-cfc25ecdd2ce', 'a30d797a-e0de-4b11-8e54-d138622aad95', '751cb800-c031-47bb-9ac9-46f8475a8c80', '[{"size": "Small", "brand": "Bold Girlz", "color": "Red", "price": 12, "condition": "new", "salePrice": 0, "sku": "CZ4012", "styles": "Egirl Eboy, Athleisure", "availability": "in stock", "salePriceEffectiveDate": null, "variantId": "768f74e6-4673-4d45-8e27-612f34c93c97"}]'),
(E'Camo Activewear/ Yoga Set', E'Camo Activewear/ Yoga Set', '990d7ab6-2401-4389-8132-a6a8b0b82681', 'edb5d859-94f3-4573-a47d-22378f6419d9', 'bc4497d4-6140-4700-bd62-c3ec6f752981', 'fd05c79a-ebfe-418d-83ab-4b372dde7b53', 'fba2fd50-7599-49f5-baca-cfc25ecdd2ce', 'a30d797a-e0de-4b11-8e54-d138622aad95', 'edb5d859-94f3-4573-a47d-22378f6419d9', '[{"size": "Small", "brand": "Bold Girlz", "color": "Black", "price": 23, "condition": "new", "salePrice": 0, "sku": "NA6250", "styles": "Egirl Eboy, Athleisure", "availability": "in stock", "salePriceEffectiveDate": null, "variantId": "4fa7beaa-ec63-44d0-8d7b-ae63125787ed"}]'),
(E'Snakeskin Activewear/Yoga Set', E'Snakeskin Activewear/Yoga Set', '990d7ab6-2401-4389-8132-a6a8b0b82681', 'fa9ab7dd-9bbd-46b6-af32-aa731249e852', 'bc4497d4-6140-4700-bd62-c3ec6f752981', 'fd05c79a-ebfe-418d-83ab-4b372dde7b53', 'fba2fd50-7599-49f5-baca-cfc25ecdd2ce', 'a30d797a-e0de-4b11-8e54-d138622aad95', 'fa9ab7dd-9bbd-46b6-af32-aa731249e852', '[{"size": "One Size", "brand": "Bold Girlz", "color": "Vintage Bluestone", "price": 10, "condition": "new", "salePrice": 0, "sku": "NS7976", "styles": "Egirl Eboy, Athleisure", "availability": "in stock", "salePriceEffectiveDate": null, "variantId": "90377c19-aa84-42f4-bd8a-5f15cf2a411a"}]'),
(E'Tie Dye Striped Sweatshirt', E'Tie Dye Striped Sweatshirt', 'c92a1c54-c178-49b6-8a54-12f6623e3c71', '18b31bc0-3f70-4507-af9b-f517fe01b08d', 'bc4497d4-6140-4700-bd62-c3ec6f752981', 'fd05c79a-ebfe-418d-83ab-4b372dde7b53', 'fba2fd50-7599-49f5-baca-cfc25ecdd2ce', 'a30d797a-e0de-4b11-8e54-d138622aad95', '18b31bc0-3f70-4507-af9b-f517fe01b08d', '[{"size": "Small", "brand": "Bold Girlz", "color": "Black", "price": 12, "condition": "new", "salePrice": 0, "sku": "SW2531357-2", "styles": "Egirl Eboy, Athleisure", "availability": "in stock", "salePriceEffectiveDate": null, "variantId": "2e827294-d514-4075-bad6-7414b72f068e"}]'),
(E'Color Block Round Neck Pullover Sweatshirt', E'Color Block Round Neck Pullover Sweatshirt', 'c92a1c54-c178-49b6-8a54-12f6623e3c71', 'df90db61-5c17-4f46-a533-69941eb5c294', 'bc4497d4-6140-4700-bd62-c3ec6f752981', 'fd05c79a-ebfe-418d-83ab-4b372dde7b53', 'fba2fd50-7599-49f5-baca-cfc25ecdd2ce', 'a30d797a-e0de-4b11-8e54-d138622aad95', 'df90db61-5c17-4f46-a533-69941eb5c294', '[{"size": "Small", "brand": "Bold Girlz", "color": "Multi", "price": 19, "condition": "new", "salePrice": 0, "sku": "SW25323", "styles": "Egirl Eboy, Athleisure", "availability": "in stock", "salePriceEffectiveDate": null, "variantId": "0ffae116-5c97-49e7-a8c5-411661cbccf6"}]'),
(E'Black & White Camo Fashion Hoodie', E'Black & White Camo Fashion Hoodie', 'c92a1c54-c178-49b6-8a54-12f6623e3c71', '8e24db50-dada-478f-998b-0a3d9f779a23', 'bc4497d4-6140-4700-bd62-c3ec6f752981', 'fd05c79a-ebfe-418d-83ab-4b372dde7b53', 'fba2fd50-7599-49f5-baca-cfc25ecdd2ce', 'a30d797a-e0de-4b11-8e54-d138622aad95', '8e24db50-dada-478f-998b-0a3d9f779a23', '[{"size": "Small", "brand": "Bold Girlz", "color": "B/W Camo", "price": 10, "condition": "new", "salePrice": 0, "sku": "SW2533131", "styles": "Egirl Eboy, Athleisure", "availability": "in stock", "salePriceEffectiveDate": null, "variantId": "7f3afaba-c21e-4ade-8f29-f1239729cde7"}]'),
(E'Windmill Tie Dye Front Crop Top', E'Windmill Tie Dye Front Crop Top', 'c92a1c54-c178-49b6-8a54-12f6623e3c71', '1cf8f11d-d979-4f5b-a6d7-7c75a34d2a7c', 'bc4497d4-6140-4700-bd62-c3ec6f752981', 'fd05c79a-ebfe-418d-83ab-4b372dde7b53', 'fba2fd50-7599-49f5-baca-cfc25ecdd2ce', 'a30d797a-e0de-4b11-8e54-d138622aad95', '1cf8f11d-d979-4f5b-a6d7-7c75a34d2a7c', '[{"size": "Small", "brand": "Bold Girlz", "color": "Teal Multi", "price": 9, "condition": "new", "salePrice": 0, "sku": "T3038-RTD-1", "styles": "Egirl Eboy, Athleisure", "availability": "in stock", "salePriceEffectiveDate": null, "variantId": "5c636429-c95b-4c38-9a28-581023dc98e9"}]'),
(E'Multi Color Print Top', E'Multi Color Print Top', 'c92a1c54-c178-49b6-8a54-12f6623e3c71', '5f4ee10f-992f-414b-942c-427a86b027b7', 'bc4497d4-6140-4700-bd62-c3ec6f752981', 'fd05c79a-ebfe-418d-83ab-4b372dde7b53', 'fba2fd50-7599-49f5-baca-cfc25ecdd2ce', 'a30d797a-e0de-4b11-8e54-d138622aad95', '5f4ee10f-992f-414b-942c-427a86b027b7', '[{"size": "Small", "brand": "Bold Girlz", "color": "Rainbow", "price": 8, "condition": "new", "salePrice": 0, "sku": "T3175-PTD-1", "styles": "Egirl Eboy, Athleisure", "availability": "in stock", "salePriceEffectiveDate": null, "variantId": "758082dc-5911-4732-8ae1-02a46750d2cd"}]'),
(E'Flame Print Long Sleeve Crop Top', E'Flame Print Long Sleeve Crop Top', 'c92a1c54-c178-49b6-8a54-12f6623e3c71', '2e302c01-7170-48bd-adc5-ef779bd941fc', 'bc4497d4-6140-4700-bd62-c3ec6f752981', 'fd05c79a-ebfe-418d-83ab-4b372dde7b53', 'fba2fd50-7599-49f5-baca-cfc25ecdd2ce', 'a30d797a-e0de-4b11-8e54-d138622aad95', '2e302c01-7170-48bd-adc5-ef779bd941fc', '[{"size": "Small", "brand": "Bold Girlz", "color": "Black", "price": 8, "condition": "new", "salePrice": 0, "sku": "T3177LC-FI-1", "styles": "Egirl Eboy, Athleisure", "availability": "in stock", "salePriceEffectiveDate": null, "variantId": "02ecac0f-9fe6-4168-af11-229e120d5c3b"}]'),
(E'"Future Is Female" Open Back, Crop Top', E'"Future Is Female" Open Back, Crop Top', 'c92a1c54-c178-49b6-8a54-12f6623e3c71', 'f155ffee-ace5-4b5d-af08-8f2bf23d36fb', 'bc4497d4-6140-4700-bd62-c3ec6f752981', 'fd05c79a-ebfe-418d-83ab-4b372dde7b53', 'fba2fd50-7599-49f5-baca-cfc25ecdd2ce', 'a30d797a-e0de-4b11-8e54-d138622aad95', 'f155ffee-ace5-4b5d-af08-8f2bf23d36fb', '[{"size": "Small", "brand": "Bold Girlz", "color": "Black", "price": 8, "condition": "new", "salePrice": 0, "sku": "T3178-P4020", "styles": "Egirl Eboy, Athleisure", "availability": "in stock", "salePriceEffectiveDate": null, "variantId": "cef06929-1bdd-4886-9aa1-b75506e0ff92"}]'),
(E'"Future Is Female" Open Back, Crop Top', E'"Future Is Female" Open Back, Crop Top', 'c92a1c54-c178-49b6-8a54-12f6623e3c71', 'c28d4601-da17-4460-b9a3-15860f0380c7', 'bc4497d4-6140-4700-bd62-c3ec6f752981', 'fd05c79a-ebfe-418d-83ab-4b372dde7b53', 'fba2fd50-7599-49f5-baca-cfc25ecdd2ce', 'a30d797a-e0de-4b11-8e54-d138622aad95', 'c28d4601-da17-4460-b9a3-15860f0380c7', '[{"size": "Small", "brand": "Bold Girlz", "color": "Pink", "price": 8, "condition": "new", "salePrice": 0, "sku": "T3178-P4026", "styles": "Egirl Eboy, Athleisure", "availability": "in stock", "salePriceEffectiveDate": null, "variantId": "9a7d5398-6aa6-4b0d-bc5b-1e9336362161"}]'),
(E'Snakeskin Open Back Crop Top', E'Snakeskin Open Back Crop Top', 'c92a1c54-c178-49b6-8a54-12f6623e3c71', 'b70f9e38-009a-493b-9050-729b4f9d967f', 'bc4497d4-6140-4700-bd62-c3ec6f752981', 'fd05c79a-ebfe-418d-83ab-4b372dde7b53', 'fba2fd50-7599-49f5-baca-cfc25ecdd2ce', 'a30d797a-e0de-4b11-8e54-d138622aad95', 'b70f9e38-009a-493b-9050-729b4f9d967f', '[{"size": "Small", "brand": "Bold Girlz", "color": "Grey Snakeskin", "price": 12, "condition": "new", "salePrice": 0, "sku": "WT2386-2-88", "styles": "Egirl Eboy, Athleisure", "availability": "in stock", "salePriceEffectiveDate": null, "variantId": "df49c4c3-0e66-4d27-9107-b2307b08a1e6"}]'),
(E'Camo Activewear Yoga Pants', E'Camo Activewear Yoga Pants', '85429a3e-1df3-431a-8d97-afb1096ed8da', '194389e8-5c5a-4d68-b35b-fe8cae6ea769', 'bc4497d4-6140-4700-bd62-c3ec6f752981', 'fd05c79a-ebfe-418d-83ab-4b372dde7b53', 'fba2fd50-7599-49f5-baca-cfc25ecdd2ce', 'a30d797a-e0de-4b11-8e54-d138622aad95', '194389e8-5c5a-4d68-b35b-fe8cae6ea769', '[{"size": "Small", "brand": "Bold Girlz", "color": "Purple/White Camo", "price": 16, "condition": "new", "salePrice": 0, "sku": "Z3580", "styles": "Egirl Eboy, Athleisure", "availability": "in stock", "salePriceEffectiveDate": null, "variantId": "4844e648-a37d-4094-9857-fdff1c7356eb"}]');

INSERT INTO product_videos (product_id, video_id, position, video_uri, cover_image_uri, start_time, video_title)
VALUES
('bc8f2e6a-af5a-41d9-b72c-297dcb3f96fe', '8febbc47-e294-4b6b-a4a3-869e28e24c76', 1, E'https://d2whmjegel90p1.cloudfront.net/Product_Videos/v2/batch5-MB_402/master.m3u8', E'https://d2whmjegel90p1.cloudfront.net/Product_Videos/v2/batch5-MB_402/preview.jpg', '00:00:00', 'Product Video'),
('9e3f53ea-ef05-46cb-83ef-cf4d7c1cbd93', '79b6a847-8a52-425f-aa86-ae501aa271bf', 1, E'https://d2whmjegel90p1.cloudfront.net/Product_Videos/v2/batch5-NS_401/master.m3u8', E'https://d2whmjegel90p1.cloudfront.net/Product_Videos/v2/batch5-NS_401/preview.jpg', '00:00:00', 'Product Video'),
('a0e0d1a7-edfe-4fd1-a0cc-4a376b82b1d3', 'd5af9227-ad37-4652-af61-01baa9e7ab6e', 1, E'https://d2whmjegel90p1.cloudfront.net/Product_Videos/v2/batch5-AR_402/master.m3u8', E'https://d2whmjegel90p1.cloudfront.net/Product_Videos/v2/batch5-AR_402/preview.jpg', '00:00:00', 'Product Video'),
('d2f5a75d-505d-4659-a08b-29ce9289b902', 'd6e23693-510e-4954-b895-e4d685cf011e', 1, E'https://d2whmjegel90p1.cloudfront.net/Product_Videos/v2/batch5-MB_401/master.m3u8', E'https://d2whmjegel90p1.cloudfront.net/Product_Videos/v2/batch5-MB_401/preview.jpg', '00:00:00', 'Product Video'),
('7cd9ac8f-58e7-4aa8-9929-aae9a352cb98', '94ef2d22-0923-46c9-a243-9fc87d45ea7e', 1, E'https://d2whmjegel90p1.cloudfront.net/Product_Videos/v2/batch5-AD_407/master.m3u8', E'https://d2whmjegel90p1.cloudfront.net/Product_Videos/v2/batch5-AD_407/preview.jpg', '00:00:00', 'Product Video'),
('b1368bbe-1d9c-484a-afc3-25cfda51a954', 'c51d68b4-925a-4bfb-be1b-366b6be358fc', 1, E'https://d2whmjegel90p1.cloudfront.net/Product_Videos/v2/batch5-AR_401/master.m3u8', E'https://d2whmjegel90p1.cloudfront.net/Product_Videos/v2/batch5-AR_401/preview.jpg', '00:00:00', 'Product Video'),
('b1368bbe-1d9c-484a-afc3-25cfda51a954', '8046a778-46d1-4f47-aa02-6d8aea4962d8', 2, E'https://d2whmjegel90p1.cloudfront.net/Product_Videos/v2/batch5-BP_401/master.m3u8', E'https://d2whmjegel90p1.cloudfront.net/Product_Videos/v2/batch5-BP_401/preview.jpg', '00:00:00', 'Product Video'),
('b1368bbe-1d9c-484a-afc3-25cfda51a954', 'ef28a6de-569a-494b-bec3-ed0547861f98', 3, E'https://d2whmjegel90p1.cloudfront.net/Product_Videos/v2/batch5-BP_402/master.m3u8', E'https://d2whmjegel90p1.cloudfront.net/Product_Videos/v2/batch5-BP_402/preview.jpg', '00:00:00', 'Product Video'),
('3b86010f-bf0d-4711-a00c-01352223259e', 'd47d9219-f1e3-497e-bc2f-573fea935b76', 1, E'https://d2whmjegel90p1.cloudfront.net/Product_Videos/v2/batch5-NS_403/master.m3u8', E'https://d2whmjegel90p1.cloudfront.net/Product_Videos/v2/batch5-NS_403/preview.jpg', '00:00:00', 'Product Video'),
('c4429bbf-c431-4600-8875-8c60e7e24f0e', 'b6c7915b-fe4c-4c9b-9bc4-fe3229bc9fe0', 1, E'https://d2whmjegel90p1.cloudfront.net/Product_Videos/v2/batch5-DM_402/master.m3u8', E'https://d2whmjegel90p1.cloudfront.net/Product_Videos/v2/batch5-DM_402/preview.jpg', '00:00:00', 'Product Video'),
('c4429bbf-c431-4600-8875-8c60e7e24f0e', '0a7a343f-78f6-4d59-ab38-f8032f3af881', 2, E'https://d2whmjegel90p1.cloudfront.net/Product_Videos/v2/batch5-DM_404/master.m3u8', E'https://d2whmjegel90p1.cloudfront.net/Product_Videos/v2/batch5-DM_404/preview.jpg', '00:00:00', 'Product Video'),
('133dce27-748f-4003-a97c-4f43e3414704', '4e46eda4-1868-4356-a8a1-a7412e4cd20b', 1, E'https://d2whmjegel90p1.cloudfront.net/Product_Videos/v2/batch5-DM_403/master.m3u8', E'https://d2whmjegel90p1.cloudfront.net/Product_Videos/v2/batch5-DM_403/preview.jpg', '00:00:00', 'Product Video'),
('c873abc3-e7c6-4e57-9743-b9cfdf96e85f', '004e245b-a2ac-4f29-8712-c3d799cc38d3', 1, E'https://d2whmjegel90p1.cloudfront.net/Product_Videos/v2/batch5-NS_404/master.m3u8', E'https://d2whmjegel90p1.cloudfront.net/Product_Videos/v2/batch5-NS_404/preview.jpg', '00:00:00', 'Product Video'),
('58ddcdcd-4696-4617-bcf6-006040f1b615', 'e4855d68-1b65-4f18-a7f8-f6e2c7d6c3c5', 1, E'https://d2whmjegel90p1.cloudfront.net/Product_Videos/v2/batch5-LM_404/master.m3u8', E'https://d2whmjegel90p1.cloudfront.net/Product_Videos/v2/batch5-LM_404/preview.jpg', '00:00:00', 'Product Video'),
('591e1277-9a4c-4a4b-bc46-29efd19bf8ec', 'bf09bd8e-ff8a-4d9f-b56b-60ac895f0358', 1, E'https://d2whmjegel90p1.cloudfront.net/Product_Videos/v2/batch5-BP_403/master.m3u8', E'https://d2whmjegel90p1.cloudfront.net/Product_Videos/v2/batch5-BP_403/preview.jpg', '00:00:00', 'Product Video'),
('6d3dcc48-0332-4e6e-b22f-a102b7e59847', '704dc041-9bde-40c1-ba9f-30baf0994258', 1, E'https://d2whmjegel90p1.cloudfront.net/Product_Videos/v2/batch5-OK_401/master.m3u8', E'https://d2whmjegel90p1.cloudfront.net/Product_Videos/v2/batch5-OK_401/preview.jpg', '00:00:00', 'Product Video'),
('0e9a11b1-f371-4f2c-9555-33a752e754a5', '157c835e-dc2a-4ce7-8841-0f0c0c9e7c18', 1, E'https://d2whmjegel90p1.cloudfront.net/Product_Videos/v2/batch5-JRY_401/master.m3u8', E'https://d2whmjegel90p1.cloudfront.net/Product_Videos/v2/batch5-JRY_401/preview.jpg', '00:00:00', 'Product Video'),
('0e9a11b1-f371-4f2c-9555-33a752e754a5', '233e4661-cd38-4afa-945e-0d7299ea8860', 2, E'https://d2whmjegel90p1.cloudfront.net/Product_Videos/v2/batch5-JRY_403/master.m3u8', E'https://d2whmjegel90p1.cloudfront.net/Product_Videos/v2/batch5-JRY_403/preview.jpg', '00:00:00', 'Product Video'),
('0e9a11b1-f371-4f2c-9555-33a752e754a5', 'ffdb0d9c-5721-4f24-a8b4-7df24d8883a9', 3, E'https://d2whmjegel90p1.cloudfront.net/Product_Videos/v2/batch5-JRY_404/master.m3u8', E'https://d2whmjegel90p1.cloudfront.net/Product_Videos/v2/batch5-JRY_404/preview.jpg', '00:00:00', 'Product Video'),
('cea392c5-00b4-488e-a373-e5047e9593c8', 'b8ba5bf0-0c6e-45c7-ba93-49e3c835258b', 1, E'https://d2whmjegel90p1.cloudfront.net/Product_Videos/v2/batch5-MC_401/master.m3u8', E'https://d2whmjegel90p1.cloudfront.net/Product_Videos/v2/batch5-MC_401/preview.jpg', '00:00:00', 'Product Video'),
('123e9354-79ef-42f4-a3ea-5528a17aba4d', '5cfaba6e-8225-4782-9d4e-9d19dcf1cd07', 1, E'https://d2whmjegel90p1.cloudfront.net/Product_Videos/v2/batch5-TD_301/master.m3u8', E'https://d2whmjegel90p1.cloudfront.net/Product_Videos/v2/batch5-TD_301/preview.jpg', '00:00:00', 'Product Video'),
('5200b86a-274b-41aa-963f-67206c29b6b6', 'da324a24-0561-4b09-b0ac-2b673d8c346b', 1, E'https://d2whmjegel90p1.cloudfront.net/Product_Videos/v2/batch5-MW_303/master.m3u8', E'https://d2whmjegel90p1.cloudfront.net/Product_Videos/v2/batch5-MW_303/preview.jpg', '00:00:00', 'Product Video'),
('aa13b63e-8f4d-40bf-a008-351137590d3c', 'f3fbe093-9cd2-4394-bbae-1e806c9f6edc', 1, E'https://d2whmjegel90p1.cloudfront.net/Product_Videos/v2/batch5-MW_317/master.m3u8', E'https://d2whmjegel90p1.cloudfront.net/Product_Videos/v2/batch5-MW_317/preview.jpg', '00:00:00', 'Product Video'),
('27f72636-26b2-45f6-b3d6-6087d1c897e1', '0dbbc43d-b443-4311-abf8-9d0134653a6a', 1, E'https://d2whmjegel90p1.cloudfront.net/Product_Videos/v2/batch5-MW_316/master.m3u8', E'https://d2whmjegel90p1.cloudfront.net/Product_Videos/v2/batch5-MW_316/preview.jpg', '00:00:00', 'Product Video'),
('751cb800-c031-47bb-9ac9-46f8475a8c80', '53b2a9de-1115-4526-8351-780fea8eee3b', 1, E'https://d2whmjegel90p1.cloudfront.net/Product_Videos/v2/batch5-MC_402/master.m3u8', E'https://d2whmjegel90p1.cloudfront.net/Product_Videos/v2/batch5-MC_402/preview.jpg', '00:00:00', 'Product Video'),
('edb5d859-94f3-4573-a47d-22378f6419d9', '1a3e354f-6533-4f65-974f-332e26f83c86', 1, E'https://d2whmjegel90p1.cloudfront.net/Product_Videos/v2/batch5-NS_402/master.m3u8', E'https://d2whmjegel90p1.cloudfront.net/Product_Videos/v2/batch5-NS_402/preview.jpg', '00:00:00', 'Product Video'),
('fa9ab7dd-9bbd-46b6-af32-aa731249e852', '9b0ebffb-a6b0-4683-bf02-b0006c23f97b', 1, E'https://d2whmjegel90p1.cloudfront.net/Product_Videos/v2/batch5-JRY_405/master.m3u8', E'https://d2whmjegel90p1.cloudfront.net/Product_Videos/v2/batch5-JRY_405/preview.jpg', '00:00:00', 'Product Video'),
('18b31bc0-3f70-4507-af9b-f517fe01b08d', 'a1996156-5d5b-45b4-bc3d-82a4925e0cb1', 1, E'https://d2whmjegel90p1.cloudfront.net/Product_Videos/v2/batch5-JRY_402/master.m3u8', E'https://d2whmjegel90p1.cloudfront.net/Product_Videos/v2/batch5-JRY_402/preview.jpg', '00:00:00', 'Product Video'),
('df90db61-5c17-4f46-a533-69941eb5c294', '22099f50-2949-45f7-be45-519d3b22456b', 1, E'https://d2whmjegel90p1.cloudfront.net/Product_Videos/v2/batch5-NS_405/master.m3u8', E'https://d2whmjegel90p1.cloudfront.net/Product_Videos/v2/batch5-NS_405/preview.jpg', '00:00:00', 'Product Video'),
('8e24db50-dada-478f-998b-0a3d9f779a23', '8ceb4a69-834a-490b-b4b3-21ec92987e65', 1, E'https://d2whmjegel90p1.cloudfront.net/Product_Videos/v2/batch5-JR_404/master.m3u8', E'https://d2whmjegel90p1.cloudfront.net/Product_Videos/v2/batch5-JR_404/preview.jpg', '00:00:00', 'Product Video'),
('1cf8f11d-d979-4f5b-a6d7-7c75a34d2a7c', 'cee05b7d-a0db-4047-bd40-8d470acbeac6', 1, E'https://d2whmjegel90p1.cloudfront.net/Product_Videos/v2/batch5-DM_401/master.m3u8', E'https://d2whmjegel90p1.cloudfront.net/Product_Videos/v2/batch5-DM_401/preview.jpg', '00:00:00', 'Product Video'),
('5f4ee10f-992f-414b-942c-427a86b027b7', '17f03243-1eb5-458e-97c8-73d0e1bc1c19', 1, E'https://d2whmjegel90p1.cloudfront.net/Product_Videos/v2/batch5-MC_403/master.m3u8', E'https://d2whmjegel90p1.cloudfront.net/Product_Videos/v2/batch5-MC_403/preview.jpg', '00:00:00', 'Product Video'),
('2e302c01-7170-48bd-adc5-ef779bd941fc', '0ba036de-6688-460d-b72a-33daf76f86d7', 1, E'https://d2whmjegel90p1.cloudfront.net/Product_Videos/v2/batch5-JR_401/master.m3u8', E'https://d2whmjegel90p1.cloudfront.net/Product_Videos/v2/batch5-JR_401/preview.jpg', '00:00:00', 'Product Video'),
('f155ffee-ace5-4b5d-af08-8f2bf23d36fb', '7db5f408-e904-4e26-8b42-ee3752131802', 1, E'https://d2whmjegel90p1.cloudfront.net/Product_Videos/v2/batch5-JR_402/master.m3u8', E'https://d2whmjegel90p1.cloudfront.net/Product_Videos/v2/batch5-JR_402/preview.jpg', '00:00:00', 'Product Video'),
('c28d4601-da17-4460-b9a3-15860f0380c7', '79b6a847-8a52-425f-aa86-ae501aa271bf', 2, E'https://d2whmjegel90p1.cloudfront.net/Product_Videos/v2/batch5-NS_401/master.m3u8', E'https://d2whmjegel90p1.cloudfront.net/Product_Videos/v2/batch5-NS_401/preview.jpg', '00:00:00', 'Product Video'),
('c28d4601-da17-4460-b9a3-15860f0380c7', '7db5f408-e904-4e26-8b42-ee3752131802', 1, E'https://d2whmjegel90p1.cloudfront.net/Product_Videos/v2/batch5-JR_402/master.m3u8', E'https://d2whmjegel90p1.cloudfront.net/Product_Videos/v2/batch5-JR_402/preview.jpg', '00:00:00', 'Product Video'),
('b70f9e38-009a-493b-9050-729b4f9d967f', '39064742-24c9-41b8-a403-dbac8c3c2fe1', 1, E'https://d2whmjegel90p1.cloudfront.net/Product_Videos/v2/batch5-MC_404/master.m3u8', E'https://d2whmjegel90p1.cloudfront.net/Product_Videos/v2/batch5-MC_404/preview.jpg', '00:00:00', 'Product Video'),
('194389e8-5c5a-4d68-b35b-fe8cae6ea769', '1a3e354f-6533-4f65-974f-332e26f83c86', 1, E'https://d2whmjegel90p1.cloudfront.net/Product_Videos/v2/batch5-NS_402/master.m3u8', E'https://d2whmjegel90p1.cloudfront.net/Product_Videos/v2/batch5-NS_402/preview.jpg', '00:00:00', 'Product Video');

INSERT INTO product_images (product_id, position, image_uri)
VALUES
('1cf8f11d-d979-4f5b-a6d7-7c75a34d2a7c', 1, E'https://d2whmjegel90p1.cloudfront.net/Product_Images/batch5/T3038-RTD-1.jpg'),
('cea392c5-00b4-488e-a373-e5047e9593c8', 1, E'https://d2whmjegel90p1.cloudfront.net/Product_Images/batch5/69TS87259.jpg'),
('133dce27-748f-4003-a97c-4f43e3414704', 1, E'https://d2whmjegel90p1.cloudfront.net/Product_Images/batch5/171TS9613.jpg'),
('194389e8-5c5a-4d68-b35b-fe8cae6ea769', 1, E'https://d2whmjegel90p1.cloudfront.net/Product_Images/batch5/Z3580.jpg'),
('6d3dcc48-0332-4e6e-b22f-a102b7e59847', 1, E'https://d2whmjegel90p1.cloudfront.net/Product_Images/batch5/22635ML.jpg'),
('5200b86a-274b-41aa-963f-67206c29b6b6', 1, E'https://d2whmjegel90p1.cloudfront.net/Product_Images/batch5/BG-BEL812-BOLD67.jpg'),
('aa13b63e-8f4d-40bf-a008-351137590d3c', 1, E'https://d2whmjegel90p1.cloudfront.net/Product_Images/batch5/BG-PMR20PNT-BOLD67.jpg'),
('fa9ab7dd-9bbd-46b6-af32-aa731249e852', 1, E'https://d2whmjegel90p1.cloudfront.net/Product_Images/batch5/NS7976.jpg'),
('c28d4601-da17-4460-b9a3-15860f0380c7', 1, E'https://d2whmjegel90p1.cloudfront.net/Product_Images/batch5/T3178-P4026.jpg'),
('c4429bbf-c431-4600-8875-8c60e7e24f0e', 1, E'https://d2whmjegel90p1.cloudfront.net/Product_Images/batch5/171TS9608.jpg'),
('7cd9ac8f-58e7-4aa8-9929-aae9a352cb98', 1, E'https://d2whmjegel90p1.cloudfront.net/Product_Images/batch5/14386.jpg'),
('df90db61-5c17-4f46-a533-69941eb5c294', 1, E'https://d2whmjegel90p1.cloudfront.net/Product_Images/batch5/SW25323.jpg'),
('27f72636-26b2-45f6-b3d6-6087d1c897e1', 1, E'https://d2whmjegel90p1.cloudfront.net/Product_Images/batch5/BG-SS4500-GRAF234.jpg'),
('a0e0d1a7-edfe-4fd1-a0cc-4a376b82b1d3', 1, E'https://d2whmjegel90p1.cloudfront.net/Product_Images/batch5/1269SS.jpg'),
('18b31bc0-3f70-4507-af9b-f517fe01b08d', 1, E'https://d2whmjegel90p1.cloudfront.net/Product_Images/batch5/SW2531357-2.jpg'),
('58ddcdcd-4696-4617-bcf6-006040f1b615', 1, E'https://d2whmjegel90p1.cloudfront.net/Product_Images/batch5/19419ML.jpg'),
('f155ffee-ace5-4b5d-af08-8f2bf23d36fb', 1, E'https://d2whmjegel90p1.cloudfront.net/Product_Images/batch5/T3178-P4020.jpg'),
('0e9a11b1-f371-4f2c-9555-33a752e754a5', 1, E'https://d2whmjegel90p1.cloudfront.net/Product_Images/batch5/235TS1065.jpg'),
('d2f5a75d-505d-4659-a08b-29ce9289b902', 1, E'https://d2whmjegel90p1.cloudfront.net/Product_Images/batch5/14087.jpg'),
('5f4ee10f-992f-414b-942c-427a86b027b7', 1, E'https://d2whmjegel90p1.cloudfront.net/Product_Images/batch5/T3175-PTD-1.jpg'),
('c873abc3-e7c6-4e57-9743-b9cfdf96e85f', 1, E'https://d2whmjegel90p1.cloudfront.net/Product_Images/batch5/173TS7712.jpg'),
('8e24db50-dada-478f-998b-0a3d9f779a23', 1, E'https://d2whmjegel90p1.cloudfront.net/Product_Images/batch5/SW2533131.jpg'),
('b70f9e38-009a-493b-9050-729b4f9d967f', 1, E'https://d2whmjegel90p1.cloudfront.net/Product_Images/batch5/WT2386-2-88.jpg'),
('751cb800-c031-47bb-9ac9-46f8475a8c80', 1, E'https://d2whmjegel90p1.cloudfront.net/Product_Images/batch5/CZ4012.jpg'),
('b1368bbe-1d9c-484a-afc3-25cfda51a954', 1, E'https://d2whmjegel90p1.cloudfront.net/Product_Images/batch5/16042SS.jpg'),
('9e3f53ea-ef05-46cb-83ef-cf4d7c1cbd93', 1, E'https://d2whmjegel90p1.cloudfront.net/Product_Images/batch5/102TS4878.jpg'),
('2e302c01-7170-48bd-adc5-ef779bd941fc', 1, E'https://d2whmjegel90p1.cloudfront.net/Product_Images/batch5/T3177LC-FI-1.jpg'),
('3b86010f-bf0d-4711-a00c-01352223259e', 1, E'https://d2whmjegel90p1.cloudfront.net/Product_Images/batch5/171TS2657.jpg'),
('123e9354-79ef-42f4-a3ea-5528a17aba4d', 1, E'https://d2whmjegel90p1.cloudfront.net/Product_Images/batch5/BG-640VR-BLD234.jpg'),
('edb5d859-94f3-4573-a47d-22378f6419d9', 1, E'https://d2whmjegel90p1.cloudfront.net/Product_Images/batch5/NA6250.jpg'),
('591e1277-9a4c-4a4b-bc46-29efd19bf8ec', 1, E'https://d2whmjegel90p1.cloudfront.net/Product_Images/batch5/20464SS.jpg'),
('bc8f2e6a-af5a-41d9-b72c-297dcb3f96fe', 1, E'https://d2whmjegel90p1.cloudfront.net/Product_Images/batch5/10829.jpg');


-- +pig Down

DELETE FROM product_images WHERE product_id IN ('bc8f2e6a-af5a-41d9-b72c-297dcb3f96fe', '9e3f53ea-ef05-46cb-83ef-cf4d7c1cbd93', 'a0e0d1a7-edfe-4fd1-a0cc-4a376b82b1d3', 'd2f5a75d-505d-4659-a08b-29ce9289b902', '7cd9ac8f-58e7-4aa8-9929-aae9a352cb98', 'b1368bbe-1d9c-484a-afc3-25cfda51a954', '3b86010f-bf0d-4711-a00c-01352223259e', 'c4429bbf-c431-4600-8875-8c60e7e24f0e', '133dce27-748f-4003-a97c-4f43e3414704', 'c873abc3-e7c6-4e57-9743-b9cfdf96e85f', '58ddcdcd-4696-4617-bcf6-006040f1b615', '591e1277-9a4c-4a4b-bc46-29efd19bf8ec', '6d3dcc48-0332-4e6e-b22f-a102b7e59847', '0e9a11b1-f371-4f2c-9555-33a752e754a5', 'cea392c5-00b4-488e-a373-e5047e9593c8', '94a78593-af08-4e6f-9489-71f964673fda', '695ea845-f789-4e76-a6c3-64894470e1a9', '70f639aa-cf5a-4611-addc-5ec985ed6596', 'bf9e1d08-bdd9-43b9-a575-d77a5e4348cc', '81b81808-aeb7-4dda-a2b3-72e6295759ca', '3a577dc9-5a05-47ed-8e11-4f965277cc5c', 'e4ba27a3-4e39-4b6c-88d7-d5838e0f16fe', '123e9354-79ef-42f4-a3ea-5528a17aba4d', '5200b86a-274b-41aa-963f-67206c29b6b6', 'aa13b63e-8f4d-40bf-a008-351137590d3c', '27f72636-26b2-45f6-b3d6-6087d1c897e1', '751cb800-c031-47bb-9ac9-46f8475a8c80', 'edb5d859-94f3-4573-a47d-22378f6419d9', 'fa9ab7dd-9bbd-46b6-af32-aa731249e852', 'c4a2ead7-08a3-45b6-9b4d-d6db08097d6c', '2e6bfa99-a87e-4c91-aceb-fe37789d4e76', '18b31bc0-3f70-4507-af9b-f517fe01b08d', 'df90db61-5c17-4f46-a533-69941eb5c294', '8e24db50-dada-478f-998b-0a3d9f779a23', '1cf8f11d-d979-4f5b-a6d7-7c75a34d2a7c', '5f4ee10f-992f-414b-942c-427a86b027b7', '2e302c01-7170-48bd-adc5-ef779bd941fc', 'f155ffee-ace5-4b5d-af08-8f2bf23d36fb', 'c28d4601-da17-4460-b9a3-15860f0380c7', 'b70f9e38-009a-493b-9050-729b4f9d967f', '194389e8-5c5a-4d68-b35b-fe8cae6ea769', '78182cb4-352b-4837-a37c-f55fca58483c');
DELETE FROM product_videos WHERE product_id IN ('bc8f2e6a-af5a-41d9-b72c-297dcb3f96fe', '9e3f53ea-ef05-46cb-83ef-cf4d7c1cbd93', 'a0e0d1a7-edfe-4fd1-a0cc-4a376b82b1d3', 'd2f5a75d-505d-4659-a08b-29ce9289b902', '7cd9ac8f-58e7-4aa8-9929-aae9a352cb98', 'b1368bbe-1d9c-484a-afc3-25cfda51a954', '3b86010f-bf0d-4711-a00c-01352223259e', 'c4429bbf-c431-4600-8875-8c60e7e24f0e', '133dce27-748f-4003-a97c-4f43e3414704', 'c873abc3-e7c6-4e57-9743-b9cfdf96e85f', '58ddcdcd-4696-4617-bcf6-006040f1b615', '591e1277-9a4c-4a4b-bc46-29efd19bf8ec', '6d3dcc48-0332-4e6e-b22f-a102b7e59847', '0e9a11b1-f371-4f2c-9555-33a752e754a5', 'cea392c5-00b4-488e-a373-e5047e9593c8', '94a78593-af08-4e6f-9489-71f964673fda', '695ea845-f789-4e76-a6c3-64894470e1a9', '70f639aa-cf5a-4611-addc-5ec985ed6596', 'bf9e1d08-bdd9-43b9-a575-d77a5e4348cc', '81b81808-aeb7-4dda-a2b3-72e6295759ca', '3a577dc9-5a05-47ed-8e11-4f965277cc5c', 'e4ba27a3-4e39-4b6c-88d7-d5838e0f16fe', '123e9354-79ef-42f4-a3ea-5528a17aba4d', '5200b86a-274b-41aa-963f-67206c29b6b6', 'aa13b63e-8f4d-40bf-a008-351137590d3c', '27f72636-26b2-45f6-b3d6-6087d1c897e1', '751cb800-c031-47bb-9ac9-46f8475a8c80', 'edb5d859-94f3-4573-a47d-22378f6419d9', 'fa9ab7dd-9bbd-46b6-af32-aa731249e852', 'c4a2ead7-08a3-45b6-9b4d-d6db08097d6c', '2e6bfa99-a87e-4c91-aceb-fe37789d4e76', '18b31bc0-3f70-4507-af9b-f517fe01b08d', 'df90db61-5c17-4f46-a533-69941eb5c294', '8e24db50-dada-478f-998b-0a3d9f779a23', '1cf8f11d-d979-4f5b-a6d7-7c75a34d2a7c', '5f4ee10f-992f-414b-942c-427a86b027b7', '2e302c01-7170-48bd-adc5-ef779bd941fc', 'f155ffee-ace5-4b5d-af08-8f2bf23d36fb', 'c28d4601-da17-4460-b9a3-15860f0380c7', 'b70f9e38-009a-493b-9050-729b4f9d967f', '194389e8-5c5a-4d68-b35b-fe8cae6ea769', '78182cb4-352b-4837-a37c-f55fca58483c');
DELETE FROM products WHERE id IN ('bc8f2e6a-af5a-41d9-b72c-297dcb3f96fe', '9e3f53ea-ef05-46cb-83ef-cf4d7c1cbd93', 'a0e0d1a7-edfe-4fd1-a0cc-4a376b82b1d3', 'd2f5a75d-505d-4659-a08b-29ce9289b902', '7cd9ac8f-58e7-4aa8-9929-aae9a352cb98', 'b1368bbe-1d9c-484a-afc3-25cfda51a954', '3b86010f-bf0d-4711-a00c-01352223259e', 'c4429bbf-c431-4600-8875-8c60e7e24f0e', '133dce27-748f-4003-a97c-4f43e3414704', 'c873abc3-e7c6-4e57-9743-b9cfdf96e85f', '58ddcdcd-4696-4617-bcf6-006040f1b615', '591e1277-9a4c-4a4b-bc46-29efd19bf8ec', '6d3dcc48-0332-4e6e-b22f-a102b7e59847', '0e9a11b1-f371-4f2c-9555-33a752e754a5', 'cea392c5-00b4-488e-a373-e5047e9593c8', '94a78593-af08-4e6f-9489-71f964673fda', '695ea845-f789-4e76-a6c3-64894470e1a9', '70f639aa-cf5a-4611-addc-5ec985ed6596', 'bf9e1d08-bdd9-43b9-a575-d77a5e4348cc', '81b81808-aeb7-4dda-a2b3-72e6295759ca', '3a577dc9-5a05-47ed-8e11-4f965277cc5c', 'e4ba27a3-4e39-4b6c-88d7-d5838e0f16fe', '123e9354-79ef-42f4-a3ea-5528a17aba4d', '5200b86a-274b-41aa-963f-67206c29b6b6', 'aa13b63e-8f4d-40bf-a008-351137590d3c', '27f72636-26b2-45f6-b3d6-6087d1c897e1', '751cb800-c031-47bb-9ac9-46f8475a8c80', 'edb5d859-94f3-4573-a47d-22378f6419d9', 'fa9ab7dd-9bbd-46b6-af32-aa731249e852', 'c4a2ead7-08a3-45b6-9b4d-d6db08097d6c', '2e6bfa99-a87e-4c91-aceb-fe37789d4e76', '18b31bc0-3f70-4507-af9b-f517fe01b08d', 'df90db61-5c17-4f46-a533-69941eb5c294', '8e24db50-dada-478f-998b-0a3d9f779a23', '1cf8f11d-d979-4f5b-a6d7-7c75a34d2a7c', '5f4ee10f-992f-414b-942c-427a86b027b7', '2e302c01-7170-48bd-adc5-ef779bd941fc', 'f155ffee-ace5-4b5d-af08-8f2bf23d36fb', 'c28d4601-da17-4460-b9a3-15860f0380c7', 'b70f9e38-009a-493b-9050-729b4f9d967f', '194389e8-5c5a-4d68-b35b-fe8cae6ea769', '78182cb4-352b-4837-a37c-f55fca58483c');
