
-- +pig Name: 00__items
-- +pig Requirements:
-- +pig Up

INSERT INTO products (title, description, category_id, id, store_id, owner_user_id, shop_id, brand_id, product_id, properties) VALUES (E'Lucy', E'Lucy', 'c8a21666-562f-4450-a834-c5e0d132928c', '381630f0-4c24-43ed-9389-3f7581cc5144', 'bc4497d4-6140-4700-bd62-c3ec6f752981', 'fd05c79a-ebfe-418d-83ab-4b372dde7b53', 'c2d2cd5c-70ab-48d6-b061-bf146aa78769', '2322c96c-e8d4-46f4-82b2-61e51bbb286e', '381630f0-4c24-43ed-9389-3f7581cc5144', '[{"size": "Small", "brand": "Urban Expressions", "color": "Natural", "price": 90, "condition": "new", "salePrice": 0, "sku": 10829, "styles": "Athleisure, Egirl Eboy", "availability": "in stock", "salePriceEffectiveDate": null, "variantId": "db2758df-c114-4349-a1fc-1c11f5dcfc0a"}]');
INSERT INTO products (title, description, category_id, id, store_id, owner_user_id, shop_id, brand_id, product_id, properties) VALUES (E'Tye Dye Sweat Pants/Joggers', E'Tye Dye Sweat Pants/Joggers', '85429a3e-1df3-431a-8d97-afb1096ed8da', '44ac596f-90d3-4404-8246-5d10e110f503', 'bc4497d4-6140-4700-bd62-c3ec6f752981', 'fd05c79a-ebfe-418d-83ab-4b372dde7b53', 'fba2fd50-7599-49f5-baca-cfc25ecdd2ce', 'a30d797a-e0de-4b11-8e54-d138622aad95', '44ac596f-90d3-4404-8246-5d10e110f503', '[{"size": "Small", "brand": "Bold Girlz", "color": "Rainbow", "price": 15, "condition": "new", "salePrice": 0, "sku": "102TS4878", "styles": "Athleisure, Egirl Eboy", "availability": "in stock", "salePriceEffectiveDate": null, "variantId": "d90c5cd8-1224-44d2-8ab7-f3ba875222a8"}]');
INSERT INTO products (title, description, category_id, id, store_id, owner_user_id, shop_id, brand_id, product_id, properties) VALUES (E'Motivator', E'Motivator', 'c8a21666-562f-4450-a834-c5e0d132928c', 'e1db1cb2-0eb7-46af-9c3a-bab93314ca22', 'bc4497d4-6140-4700-bd62-c3ec6f752981', 'fd05c79a-ebfe-418d-83ab-4b372dde7b53', '7178a36e-5259-460b-a8ec-4eb475f3e0f1', '3240235c-6630-4e11-9c21-186772dc7a57', 'e1db1cb2-0eb7-46af-9c3a-bab93314ca22', '[{"size": "Medium", "brand": "Sol & Selene", "color": "Camo", "price": 90, "condition": "new", "salePrice": 0, "sku": "1269SS", "styles": "Athleisure, Egirl Eboy", "availability": "in stock", "salePriceEffectiveDate": null, "variantId": "a7c0660f-b3eb-410a-ad18-0f83378df710"}]');
INSERT INTO products (title, description, category_id, id, store_id, owner_user_id, shop_id, brand_id, product_id, properties) VALUES (E'Kenzie', E'Kenzie', 'c8a21666-562f-4450-a834-c5e0d132928c', '84712184-a4ff-483d-9e3f-cd52d52bb42b', 'bc4497d4-6140-4700-bd62-c3ec6f752981', 'fd05c79a-ebfe-418d-83ab-4b372dde7b53', 'c2d2cd5c-70ab-48d6-b061-bf146aa78769', '2322c96c-e8d4-46f4-82b2-61e51bbb286e', '84712184-a4ff-483d-9e3f-cd52d52bb42b', '[{"size": "Small", "brand": "Urban Expressions", "color": "Natural", "price": 90, "condition": "new", "salePrice": 0, "sku": "14087", "styles": "Athleisure, Egirl Eboy", "availability": "in stock", "salePriceEffectiveDate": null, "variantId": "cb27da3e-aab1-41cd-bf54-2a7f791edf90"}]');
INSERT INTO products (title, description, category_id, id, store_id, owner_user_id, shop_id, brand_id, product_id, properties) VALUES (E'Lennon', E'Lennon', 'c8a21666-562f-4450-a834-c5e0d132928c', '1dc1dc1c-011d-4789-9375-fc41cd3c44e2', 'bc4497d4-6140-4700-bd62-c3ec6f752981', 'fd05c79a-ebfe-418d-83ab-4b372dde7b53', 'c2d2cd5c-70ab-48d6-b061-bf146aa78769', '2322c96c-e8d4-46f4-82b2-61e51bbb286e', '1dc1dc1c-011d-4789-9375-fc41cd3c44e2', '[{"size": "Large", "brand": "Urban Expressions", "color": "Conac", "price": 90, "condition": "new", "salePrice": 0, "sku": "14386", "styles": "Athleisure, Egirl Eboy", "availability": "in stock", "salePriceEffectiveDate": null, "variantId": "9024c761-43fd-46cc-bd8d-d829dd65fa88"}]');
INSERT INTO products (title, description, category_id, id, store_id, owner_user_id, shop_id, brand_id, product_id, properties) VALUES (E'Hip Hugger', E'Hip Hugger', 'c8a21666-562f-4450-a834-c5e0d132928c', '8adac386-9152-4573-8165-ee1e24b0fd56', 'bc4497d4-6140-4700-bd62-c3ec6f752981', 'fd05c79a-ebfe-418d-83ab-4b372dde7b53', '7178a36e-5259-460b-a8ec-4eb475f3e0f1', '3240235c-6630-4e11-9c21-186772dc7a57', '8adac386-9152-4573-8165-ee1e24b0fd56', '[{"size": "Small", "brand": "Sol & Selene", "color": "Black Star", "price": 90, "condition": "new", "salePrice": 0, "sku": "16042SS", "styles": "Athleisure, Egirl Eboy", "availability": "in stock", "salePriceEffectiveDate": null, "variantId": "d664f46f-3f23-4028-9bd3-786c320aea57"}]');
INSERT INTO products (title, description, category_id, id, store_id, owner_user_id, shop_id, brand_id, product_id, properties) VALUES (E'Tye Dyed Knit Shorts With Drawstring', E'Tye Dyed Knit Shorts With Drawstring', '85429a3e-1df3-431a-8d97-afb1096ed8da', '5b0e9651-2918-4c9e-afa6-7eba61f53c0f', 'bc4497d4-6140-4700-bd62-c3ec6f752981', 'fd05c79a-ebfe-418d-83ab-4b372dde7b53', 'fba2fd50-7599-49f5-baca-cfc25ecdd2ce', 'a30d797a-e0de-4b11-8e54-d138622aad95', '5b0e9651-2918-4c9e-afa6-7eba61f53c0f', '[{"size": "Small", "brand": "Bold Girlz", "color": "Misty Rose", "price": 16, "condition": "new", "salePrice": 0, "sku": "171TS2657", "styles": "Athleisure, Egirl Eboy", "availability": "in stock", "salePriceEffectiveDate": null, "variantId": "11dc55f7-6aae-4666-ace7-13b6bee8d689"}]');
INSERT INTO products (title, description, category_id, id, store_id, owner_user_id, shop_id, brand_id, product_id, properties) VALUES (E'Tie Dye Hoodie With Leopard Sleeves', E'Tie Dye Hoodie With Leopard Sleeves', 'c92a1c54-c178-49b6-8a54-12f6623e3c71', '4f43cef1-2db7-4d9c-9472-a74bea6c7aeb', 'bc4497d4-6140-4700-bd62-c3ec6f752981', 'fd05c79a-ebfe-418d-83ab-4b372dde7b53', 'fba2fd50-7599-49f5-baca-cfc25ecdd2ce', 'a30d797a-e0de-4b11-8e54-d138622aad95', '4f43cef1-2db7-4d9c-9472-a74bea6c7aeb', '[{"size": "Small", "brand": "Bold Girlz", "color": "Charcoal", "price": 16, "condition": "new", "salePrice": 0, "sku": "171TS9608", "styles": "Athleisure, Egirl Eboy", "availability": "in stock", "salePriceEffectiveDate": null, "variantId": "3e020736-aca5-48aa-a622-5e19458675c2"}]');
INSERT INTO products (title, description, category_id, id, store_id, owner_user_id, shop_id, brand_id, product_id, properties) VALUES (E'Tie Dye Top & Short Set', E'Tie Dye Top & Short Set', 'c92a1c54-c178-49b6-8a54-12f6623e3c71', '59f98424-d393-4691-8203-f9c976101515', 'bc4497d4-6140-4700-bd62-c3ec6f752981', 'fd05c79a-ebfe-418d-83ab-4b372dde7b53', 'fba2fd50-7599-49f5-baca-cfc25ecdd2ce', 'a30d797a-e0de-4b11-8e54-d138622aad95', '59f98424-d393-4691-8203-f9c976101515', '[{"size": "Small", "brand": "Bold Girlz", "color": "Blue", "price": 20, "condition": "new", "salePrice": 0, "sku": "171TS9613", "styles": "Athleisure, Egirl Eboy", "availability": "in stock", "salePriceEffectiveDate": null, "variantId": "3a60e7a9-cde2-488f-8abe-e0dc53e832fe"}]');
INSERT INTO products (title, description, category_id, id, store_id, owner_user_id, shop_id, brand_id, product_id, properties) VALUES (E'Chest Slit Tie Dye Long Sleeve Crop Top', E'Chest Slit Tie Dye Long Sleeve Crop Top', 'c92a1c54-c178-49b6-8a54-12f6623e3c71', 'ea280bf7-db3a-4b9f-8db5-cc1e072b64f8', 'bc4497d4-6140-4700-bd62-c3ec6f752981', 'fd05c79a-ebfe-418d-83ab-4b372dde7b53', 'fba2fd50-7599-49f5-baca-cfc25ecdd2ce', 'a30d797a-e0de-4b11-8e54-d138622aad95', 'ea280bf7-db3a-4b9f-8db5-cc1e072b64f8', '[{"size": "Small", "brand": "Bold Girlz", "color": "Purple", "price": 17, "condition": "new", "salePrice": 0, "sku": "173TS7712", "styles": "Athleisure, Egirl Eboy", "availability": "in stock", "salePriceEffectiveDate": null, "variantId": "695e56c6-12bc-42c9-a374-c80c9a6c3b70"}]');
INSERT INTO products (title, description, category_id, id, store_id, owner_user_id, shop_id, brand_id, product_id, properties) VALUES (E'Paola', E'Paola', 'c8a21666-562f-4450-a834-c5e0d132928c', 'f3eb97f6-4e6a-4c3e-8d21-409dfd68e2f9', 'bc4497d4-6140-4700-bd62-c3ec6f752981', 'fd05c79a-ebfe-418d-83ab-4b372dde7b53', 'c03c4fcb-7ce7-4cde-ad67-918229268231', 'd5b07b29-05d1-478e-ab1f-e7354b9dd337', 'f3eb97f6-4e6a-4c3e-8d21-409dfd68e2f9', '[{"size": "Medium", "brand": "Moda Luxe `", "color": "Sky Blue", "price": 90, "condition": "new", "salePrice": 0, "sku": "19419ML", "styles": "Athleisure, Egirl Eboy", "availability": "in stock", "salePriceEffectiveDate": null, "variantId": "16990150-5d86-438f-bead-2ce37cf1a182"}]');
INSERT INTO products (title, description, category_id, id, store_id, owner_user_id, shop_id, brand_id, product_id, properties) VALUES (E'Divide & Conquer', E'Divide & Conquer', 'c8a21666-562f-4450-a834-c5e0d132928c', '04e7e4d1-b972-40f3-b50e-416cd68a8923', 'bc4497d4-6140-4700-bd62-c3ec6f752981', 'fd05c79a-ebfe-418d-83ab-4b372dde7b53', '7178a36e-5259-460b-a8ec-4eb475f3e0f1', '3240235c-6630-4e11-9c21-186772dc7a57', '04e7e4d1-b972-40f3-b50e-416cd68a8923', '[{"size": "Small", "brand": "Sol & Selene", "color": "Blue Camo Silver", "price": 90, "condition": "new", "salePrice": 0, "sku": "20464SS", "styles": "Athleisure, Egirl Eboy", "availability": "in stock", "salePriceEffectiveDate": null, "variantId": "8ec552b5-bc45-4567-beea-535fd914b265"}]');
INSERT INTO products (title, description, category_id, id, store_id, owner_user_id, shop_id, brand_id, product_id, properties) VALUES (E'Layne', E'Layne', 'c8a21666-562f-4450-a834-c5e0d132928c', 'c327b8d4-292c-4da2-94bd-403fa0f4e459', 'bc4497d4-6140-4700-bd62-c3ec6f752981', 'fd05c79a-ebfe-418d-83ab-4b372dde7b53', 'c03c4fcb-7ce7-4cde-ad67-918229268231', 'd5b07b29-05d1-478e-ab1f-e7354b9dd337', 'c327b8d4-292c-4da2-94bd-403fa0f4e459', '[{"size": "Medium", "brand": "Moda Luxe `", "color": "Natural", "price": 90, "condition": "new", "salePrice": 0, "sku": "22635ML", "styles": "Athleisure, Egirl Eboy", "availability": "in stock", "salePriceEffectiveDate": null, "variantId": "e4d282dd-1036-4f83-9994-b80aebb6e20a"}]');
INSERT INTO products (title, description, category_id, id, store_id, owner_user_id, shop_id, brand_id, product_id, properties) VALUES (E'Firework Tie Dye Long Crop Hoodie', E'Firework Tie Dye Long Crop Hoodie', 'c92a1c54-c178-49b6-8a54-12f6623e3c71', 'f04e87b8-d043-4d38-acf0-38b8b668dd7e', 'bc4497d4-6140-4700-bd62-c3ec6f752981', 'fd05c79a-ebfe-418d-83ab-4b372dde7b53', 'fba2fd50-7599-49f5-baca-cfc25ecdd2ce', 'a30d797a-e0de-4b11-8e54-d138622aad95', 'f04e87b8-d043-4d38-acf0-38b8b668dd7e', '[{"size": "Small", "brand": "Bold Girlz", "color": "Blue/White", "price": 18, "condition": "new", "salePrice": 0, "sku": "235TS1065", "styles": "Athleisure, Egirl Eboy", "availability": "in stock", "salePriceEffectiveDate": null, "variantId": "56c1f6c5-99f3-4717-b05e-409ff07aa87c"}]');
INSERT INTO products (title, description, category_id, id, store_id, owner_user_id, shop_id, brand_id, product_id, properties) VALUES (E'Tie Back Long Sleeve Crop Top', E'Tie Back Long Sleeve Crop Top', 'c92a1c54-c178-49b6-8a54-12f6623e3c71', '335a1e2f-3d09-4090-a05a-a0cd77348d22', 'bc4497d4-6140-4700-bd62-c3ec6f752981', 'fd05c79a-ebfe-418d-83ab-4b372dde7b53', 'fba2fd50-7599-49f5-baca-cfc25ecdd2ce', 'a30d797a-e0de-4b11-8e54-d138622aad95', '335a1e2f-3d09-4090-a05a-a0cd77348d22', '[{"size": "Small/Medium", "brand": "Bold Girlz", "color": "Dust  Blue", "price": 15, "condition": "new", "salePrice": 0, "sku": "69TS87259", "styles": "Athleisure, Egirl Eboy", "availability": "in stock", "salePriceEffectiveDate": null, "variantId": "e1246c52-cd91-48ac-b3ae-03d01b76ffff"}]');
INSERT INTO products (title, description, category_id, id, store_id, owner_user_id, shop_id, brand_id, product_id, properties) VALUES (E'Tie-Dye Tees', E'Tie-Dye Tees', 'c92a1c54-c178-49b6-8a54-12f6623e3c71', '446a7c4a-6b11-4d84-becd-8dd450ec2a74', 'bc4497d4-6140-4700-bd62-c3ec6f752981', 'fd05c79a-ebfe-418d-83ab-4b372dde7b53', 'fba2fd50-7599-49f5-baca-cfc25ecdd2ce', 'a30d797a-e0de-4b11-8e54-d138622aad95', '446a7c4a-6b11-4d84-becd-8dd450ec2a74', '[{"size": "Small", "brand": "Bold Girlz", "color": "Pastel", "price": 36, "condition": "new", "salePrice": 0, "sku": "BG-640VR-BLD234", "styles": "Athleisure, Egirl Eboy", "availability": "in stock", "salePriceEffectiveDate": null, "variantId": "fbb1e933-d640-48b8-946c-2544b4acc1de"}]');
INSERT INTO products (title, description, category_id, id, store_id, owner_user_id, shop_id, brand_id, product_id, properties) VALUES (E'Yes,I\'m Open Hoodie', E'Yes,I\'m Open Hoodie', 'ea0bdf87-57d2-43c8-9ffb-fa67048d9e47', 'e11da551-ea83-4a7a-b935-3493fa44a719', 'bc4497d4-6140-4700-bd62-c3ec6f752981', 'fd05c79a-ebfe-418d-83ab-4b372dde7b53', 'fba2fd50-7599-49f5-baca-cfc25ecdd2ce', 'a30d797a-e0de-4b11-8e54-d138622aad95', 'e11da551-ea83-4a7a-b935-3493fa44a719', '[{"size": "Small", "brand": "Bold Girlz", "color": "Black", "price": 19, "condition": "new", "salePrice": 0, "sku": "BG-BEL812-BOLD67", "styles": "Athleisure, Egirl Eboy", "availability": "in stock", "salePriceEffectiveDate": null, "variantId": "f91524b6-9036-4d84-a175-d4ef64767e14"}]');
INSERT INTO products (title, description, category_id, id, store_id, owner_user_id, shop_id, brand_id, product_id, properties) VALUES (E'Live In Joggers', E'Live In Joggers', '85429a3e-1df3-431a-8d97-afb1096ed8da', '6121229b-f402-46c2-91a3-4633aa0695bf', 'bc4497d4-6140-4700-bd62-c3ec6f752981', 'fd05c79a-ebfe-418d-83ab-4b372dde7b53', 'fba2fd50-7599-49f5-baca-cfc25ecdd2ce', 'a30d797a-e0de-4b11-8e54-d138622aad95', '6121229b-f402-46c2-91a3-4633aa0695bf', '[{"size": "Small", "brand": "Bold Girlz", "color": "Sage", "price": 29, "condition": "new", "salePrice": 0, "sku": "BG-PMR20PNT-BOLD67", "styles": "Athleisure, Egirl Eboy", "availability": "in stock", "salePriceEffectiveDate": null, "variantId": "8996c6a7-8bd4-4328-931a-8589272fd9c4"}]');
INSERT INTO products (title, description, category_id, id, store_id, owner_user_id, shop_id, brand_id, product_id, properties) VALUES (E'Graffiti Hoodie', E'Graffiti Hoodie', 'ea0bdf87-57d2-43c8-9ffb-fa67048d9e47', 'a99d57fd-7d72-4327-afb7-82d63af36b8f', 'bc4497d4-6140-4700-bd62-c3ec6f752981', 'fd05c79a-ebfe-418d-83ab-4b372dde7b53', 'fba2fd50-7599-49f5-baca-cfc25ecdd2ce', 'a30d797a-e0de-4b11-8e54-d138622aad95', 'a99d57fd-7d72-4327-afb7-82d63af36b8f', '[{"size": "Small", "brand": "Bold Girlz", "color": "Pink", "price": 39, "condition": "new", "salePrice": 0, "sku": "BG-SS4500-GRAF234", "styles": "Athleisure, Egirl Eboy", "availability": "in stock", "salePriceEffectiveDate": null, "variantId": "6805d3ea-e2ec-4ebc-8d01-9557e41c5ef1"}]');
INSERT INTO products (title, description, category_id, id, store_id, owner_user_id, shop_id, brand_id, product_id, properties) VALUES (E'Tie Dye Activewear Yoga Pants', E'Tie Dye Activewear Yoga Pants', '85429a3e-1df3-431a-8d97-afb1096ed8da', 'c239f934-57af-46a8-b6bf-d40e5361548d', 'bc4497d4-6140-4700-bd62-c3ec6f752981', 'fd05c79a-ebfe-418d-83ab-4b372dde7b53', 'fba2fd50-7599-49f5-baca-cfc25ecdd2ce', 'a30d797a-e0de-4b11-8e54-d138622aad95', 'c239f934-57af-46a8-b6bf-d40e5361548d', '[{"size": "Small", "brand": "Bold Girlz", "color": "Red", "price": 12, "condition": "new", "salePrice": 0, "sku": "CZ4012", "styles": "Athleisure, Egirl Eboy", "availability": "in stock", "salePriceEffectiveDate": null, "variantId": "4a1e5b41-99db-4ef7-bd61-17cf4f5ba441"}]');
INSERT INTO products (title, description, category_id, id, store_id, owner_user_id, shop_id, brand_id, product_id, properties) VALUES (E'Camo Activewear/ Yoga Set', E'Camo Activewear/ Yoga Set', '990d7ab6-2401-4389-8132-a6a8b0b82681', 'e9098ba5-1dad-45a1-ba4c-d6e53af7fb8a', 'bc4497d4-6140-4700-bd62-c3ec6f752981', 'fd05c79a-ebfe-418d-83ab-4b372dde7b53', 'fba2fd50-7599-49f5-baca-cfc25ecdd2ce', 'a30d797a-e0de-4b11-8e54-d138622aad95', 'e9098ba5-1dad-45a1-ba4c-d6e53af7fb8a', '[{"size": "Small", "brand": "Bold Girlz", "color": "Black", "price": 23, "condition": "new", "salePrice": 0, "sku": "NA6250", "styles": "Athleisure, Egirl Eboy", "availability": "in stock", "salePriceEffectiveDate": null, "variantId": "dbd16e1c-6371-476e-b554-8202f6f83c9b"}]');
INSERT INTO products (title, description, category_id, id, store_id, owner_user_id, shop_id, brand_id, product_id, properties) VALUES (E'Snakeskin Activewear/Yoga Set', E'Snakeskin Activewear/Yoga Set', '990d7ab6-2401-4389-8132-a6a8b0b82681', '061a4508-ce76-4df4-b8e1-8a7eebad94ee', 'bc4497d4-6140-4700-bd62-c3ec6f752981', 'fd05c79a-ebfe-418d-83ab-4b372dde7b53', 'fba2fd50-7599-49f5-baca-cfc25ecdd2ce', 'a30d797a-e0de-4b11-8e54-d138622aad95', '061a4508-ce76-4df4-b8e1-8a7eebad94ee', '[{"size": "One Size", "brand": "Bold Girlz", "color": "Vintage Bluestone", "price": 10, "condition": "new", "salePrice": 0, "sku": "NS7976", "styles": "Athleisure, Egirl Eboy", "availability": "in stock", "salePriceEffectiveDate": null, "variantId": "1730caa8-7700-4722-b240-bd558981985e"}]');
INSERT INTO products (title, description, category_id, id, store_id, owner_user_id, shop_id, brand_id, product_id, properties) VALUES (E'Tie Dye Striped Sweatshirt', E'Tie Dye Striped Sweatshirt', 'c92a1c54-c178-49b6-8a54-12f6623e3c71', '4dc4264b-f013-42f5-8051-7d02a9966d35', 'bc4497d4-6140-4700-bd62-c3ec6f752981', 'fd05c79a-ebfe-418d-83ab-4b372dde7b53', 'fba2fd50-7599-49f5-baca-cfc25ecdd2ce', 'a30d797a-e0de-4b11-8e54-d138622aad95', '4dc4264b-f013-42f5-8051-7d02a9966d35', '[{"size": "Small", "brand": "Bold Girlz", "color": "Black", "price": 12, "condition": "new", "salePrice": 0, "sku": "SW2531357-2", "styles": "Athleisure, Egirl Eboy", "availability": "in stock", "salePriceEffectiveDate": null, "variantId": "17386bff-b4a3-4e44-8600-b683a57f6842"}]');
INSERT INTO products (title, description, category_id, id, store_id, owner_user_id, shop_id, brand_id, product_id, properties) VALUES (E'Color Block Round Neck Pullover Sweatshirt', E'Color Block Round Neck Pullover Sweatshirt', 'c92a1c54-c178-49b6-8a54-12f6623e3c71', '61d48072-7c5f-4b1b-9286-dd4f3bb6a8dc', 'bc4497d4-6140-4700-bd62-c3ec6f752981', 'fd05c79a-ebfe-418d-83ab-4b372dde7b53', 'fba2fd50-7599-49f5-baca-cfc25ecdd2ce', 'a30d797a-e0de-4b11-8e54-d138622aad95', '61d48072-7c5f-4b1b-9286-dd4f3bb6a8dc', '[{"size": "Small", "brand": "Bold Girlz", "color": "Multi", "price": 19, "condition": "new", "salePrice": 0, "sku": "SW25323", "styles": "Athleisure, Egirl Eboy", "availability": "in stock", "salePriceEffectiveDate": null, "variantId": "a21c0214-8820-4189-9924-ba975fba0e4a"}]');
INSERT INTO products (title, description, category_id, id, store_id, owner_user_id, shop_id, brand_id, product_id, properties) VALUES (E'Black & White Camo Fashion Hoodie', E'Black & White Camo Fashion Hoodie', 'c92a1c54-c178-49b6-8a54-12f6623e3c71', 'c0d53424-819d-423b-b234-433978737dc5', 'bc4497d4-6140-4700-bd62-c3ec6f752981', 'fd05c79a-ebfe-418d-83ab-4b372dde7b53', 'fba2fd50-7599-49f5-baca-cfc25ecdd2ce', 'a30d797a-e0de-4b11-8e54-d138622aad95', 'c0d53424-819d-423b-b234-433978737dc5', '[{"size": "Small", "brand": "Bold Girlz", "color": "B/W Camo", "price": 10, "condition": "new", "salePrice": 0, "sku": "SW2533131", "styles": "Athleisure, Egirl Eboy", "availability": "in stock", "salePriceEffectiveDate": null, "variantId": "0f162831-8dfb-4cc8-b606-08d2bc6cb194"}]');
INSERT INTO products (title, description, category_id, id, store_id, owner_user_id, shop_id, brand_id, product_id, properties) VALUES (E'Windmill Tie Dye Front Crop Top', E'Windmill Tie Dye Front Crop Top', 'c92a1c54-c178-49b6-8a54-12f6623e3c71', 'c1506cbf-90cf-4c5c-b49c-a1872870cdac', 'bc4497d4-6140-4700-bd62-c3ec6f752981', 'fd05c79a-ebfe-418d-83ab-4b372dde7b53', 'fba2fd50-7599-49f5-baca-cfc25ecdd2ce', 'a30d797a-e0de-4b11-8e54-d138622aad95', 'c1506cbf-90cf-4c5c-b49c-a1872870cdac', '[{"size": "Small", "brand": "Bold Girlz", "color": "Teal Multi", "price": 9, "condition": "new", "salePrice": 0, "sku": "T3038-RTD-1", "styles": "Athleisure, Egirl Eboy", "availability": "in stock", "salePriceEffectiveDate": null, "variantId": "daa25e99-cfa8-47a7-9803-b7217b2f4806"}]');
INSERT INTO products (title, description, category_id, id, store_id, owner_user_id, shop_id, brand_id, product_id, properties) VALUES (E'Multi Color Print Top', E'Multi Color Print Top', 'c92a1c54-c178-49b6-8a54-12f6623e3c71', '9f4a338c-a50d-481d-abbf-3c7a22fdc785', 'bc4497d4-6140-4700-bd62-c3ec6f752981', 'fd05c79a-ebfe-418d-83ab-4b372dde7b53', 'fba2fd50-7599-49f5-baca-cfc25ecdd2ce', 'a30d797a-e0de-4b11-8e54-d138622aad95', '9f4a338c-a50d-481d-abbf-3c7a22fdc785', '[{"size": "Small", "brand": "Bold Girlz", "color": "Rainbow", "price": 8, "condition": "new", "salePrice": 0, "sku": "T3175-PTD-1", "styles": "Athleisure, Egirl Eboy", "availability": "in stock", "salePriceEffectiveDate": null, "variantId": "8a18fe49-b7f9-4e3a-ae8a-5913ab4cd36c"}]');
INSERT INTO products (title, description, category_id, id, store_id, owner_user_id, shop_id, brand_id, product_id, properties) VALUES (E'Flame Print Long Sleeve Crop Top', E'Flame Print Long Sleeve Crop Top', 'c92a1c54-c178-49b6-8a54-12f6623e3c71', 'da77fd37-15fd-4080-be74-6c50290deda8', 'bc4497d4-6140-4700-bd62-c3ec6f752981', 'fd05c79a-ebfe-418d-83ab-4b372dde7b53', 'fba2fd50-7599-49f5-baca-cfc25ecdd2ce', 'a30d797a-e0de-4b11-8e54-d138622aad95', 'da77fd37-15fd-4080-be74-6c50290deda8', '[{"size": "Small", "brand": "Bold Girlz", "color": "Black", "price": 8, "condition": "new", "salePrice": 0, "sku": "T3177LC-FI-1", "styles": "Athleisure, Egirl Eboy", "availability": "in stock", "salePriceEffectiveDate": null, "variantId": "d7bd37b5-6394-40ab-a6cf-ed7d4ec24f18"}]');
INSERT INTO products (title, description, category_id, id, store_id, owner_user_id, shop_id, brand_id, product_id, properties) VALUES (E'"Future Is Female" Open Back, Crop Top', E'"Future Is Female" Open Back, Crop Top', 'c92a1c54-c178-49b6-8a54-12f6623e3c71', '6a4c6473-1f6b-47d4-b7c9-72a92c93fa14', 'bc4497d4-6140-4700-bd62-c3ec6f752981', 'fd05c79a-ebfe-418d-83ab-4b372dde7b53', 'fba2fd50-7599-49f5-baca-cfc25ecdd2ce', 'a30d797a-e0de-4b11-8e54-d138622aad95', '6a4c6473-1f6b-47d4-b7c9-72a92c93fa14', '[{"size": "Small", "brand": "Bold Girlz", "color": "Black", "price": 8, "condition": "new", "salePrice": 0, "sku": "T3178-P4020", "styles": "Athleisure, Egirl Eboy", "availability": "in stock", "salePriceEffectiveDate": null, "variantId": "102009fc-f191-4510-9465-4321eaf4f06e"}]');
INSERT INTO products (title, description, category_id, id, store_id, owner_user_id, shop_id, brand_id, product_id, properties) VALUES (E'"Future Is Female" Open Back, Crop Top', E'"Future Is Female" Open Back, Crop Top', 'c92a1c54-c178-49b6-8a54-12f6623e3c71', '95bb9f1f-86e7-4a33-b982-42b6c6eb411e', 'bc4497d4-6140-4700-bd62-c3ec6f752981', 'fd05c79a-ebfe-418d-83ab-4b372dde7b53', 'fba2fd50-7599-49f5-baca-cfc25ecdd2ce', 'a30d797a-e0de-4b11-8e54-d138622aad95', '95bb9f1f-86e7-4a33-b982-42b6c6eb411e', '[{"size": "Small", "brand": "Bold Girlz", "color": "Pink", "price": 8, "condition": "new", "salePrice": 0, "sku": "T3178-P4026", "styles": "Athleisure, Egirl Eboy", "availability": "in stock", "salePriceEffectiveDate": null, "variantId": "10bbb18c-ba5b-4376-acf9-b1b657acf666"}]');
INSERT INTO products (title, description, category_id, id, store_id, owner_user_id, shop_id, brand_id, product_id, properties) VALUES (E'Snakeskin Open Back Crop Top', E'Snakeskin Open Back Crop Top', 'c92a1c54-c178-49b6-8a54-12f6623e3c71', 'fd5dd9b8-3fb9-4209-ac0f-20b427dfc0b3', 'bc4497d4-6140-4700-bd62-c3ec6f752981', 'fd05c79a-ebfe-418d-83ab-4b372dde7b53', 'fba2fd50-7599-49f5-baca-cfc25ecdd2ce', 'a30d797a-e0de-4b11-8e54-d138622aad95', 'fd5dd9b8-3fb9-4209-ac0f-20b427dfc0b3', '[{"size": "Small", "brand": "Bold Girlz", "color": "Grey Snakeskin", "price": 12, "condition": "new", "salePrice": 0, "sku": "WT2386-2-88", "styles": "Athleisure, Egirl Eboy", "availability": "in stock", "salePriceEffectiveDate": null, "variantId": "7d2a71ae-73ce-4a14-b834-d578074c1318"}]');
INSERT INTO products (title, description, category_id, id, store_id, owner_user_id, shop_id, brand_id, product_id, properties) VALUES (E'Camo Activewear Yoga Pants', E'Camo Activewear Yoga Pants', '85429a3e-1df3-431a-8d97-afb1096ed8da', '6e87cc7b-75b0-4099-a427-3895b1aa30e5', 'bc4497d4-6140-4700-bd62-c3ec6f752981', 'fd05c79a-ebfe-418d-83ab-4b372dde7b53', 'fba2fd50-7599-49f5-baca-cfc25ecdd2ce', 'a30d797a-e0de-4b11-8e54-d138622aad95', '6e87cc7b-75b0-4099-a427-3895b1aa30e5', '[{"size": "Small", "brand": "Bold Girlz", "color": "Purple/White Camo", "price": 16, "condition": "new", "salePrice": 0, "sku": "Z3580", "styles": "Athleisure, Egirl Eboy", "availability": "in stock", "salePriceEffectiveDate": null, "variantId": "9e05f67f-5be5-4eb5-9053-d89063f6294b"}]');

INSERT INTO product_videos (product_id, video_id, position, video_uri, cover_image_uri, start_time, video_title) VALUES ('381630f0-4c24-43ed-9389-3f7581cc5144', '74bb588c-40f8-4930-9733-61cc1fbfeed9', 1, E'https://d2whmjegel90p1.cloudfront.net/Product_Videos/v2/batch5-MB_402/master.m3u8', E'https://d2whmjegel90p1.cloudfront.net/Product_Videos/v2/batch5-MB_402/preview.jpg', '00:00:00', 'Product Video');
INSERT INTO product_videos (product_id, video_id, position, video_uri, cover_image_uri, start_time, video_title) VALUES ('44ac596f-90d3-4404-8246-5d10e110f503', 'b90b607a-4b3f-4718-ad1d-89f0b4158d3c', 1, E'https://d2whmjegel90p1.cloudfront.net/Product_Videos/v2/batch5-NS_401/master.m3u8', E'https://d2whmjegel90p1.cloudfront.net/Product_Videos/v2/batch5-NS_401/preview.jpg', '00:00:00', 'Product Video');
INSERT INTO product_videos (product_id, video_id, position, video_uri, cover_image_uri, start_time, video_title) VALUES ('e1db1cb2-0eb7-46af-9c3a-bab93314ca22', '23247858-80e5-4055-8e2f-22e507cb2f00', 1, E'https://d2whmjegel90p1.cloudfront.net/Product_Videos/v2/batch5-AR_402/master.m3u8', E'https://d2whmjegel90p1.cloudfront.net/Product_Videos/v2/batch5-AR_402/preview.jpg', '00:00:00', 'Product Video');
INSERT INTO product_videos (product_id, video_id, position, video_uri, cover_image_uri, start_time, video_title) VALUES ('84712184-a4ff-483d-9e3f-cd52d52bb42b', '65c5dbd3-8f7b-4895-bf2f-ff06c416f165', 1, E'https://d2whmjegel90p1.cloudfront.net/Product_Videos/v2/batch5-MB_401/master.m3u8', E'https://d2whmjegel90p1.cloudfront.net/Product_Videos/v2/batch5-MB_401/preview.jpg', '00:00:00', 'Product Video');
INSERT INTO product_videos (product_id, video_id, position, video_uri, cover_image_uri, start_time, video_title) VALUES ('1dc1dc1c-011d-4789-9375-fc41cd3c44e2', '98137545-0d54-41cf-bc28-011688da1be1', 1, E'https://d2whmjegel90p1.cloudfront.net/Product_Videos/v2/batch5-AD_407/master.m3u8', E'https://d2whmjegel90p1.cloudfront.net/Product_Videos/v2/batch5-AD_407/preview.jpg', '00:00:00', 'Product Video');
INSERT INTO product_videos (product_id, video_id, position, video_uri, cover_image_uri, start_time, video_title) VALUES ('8adac386-9152-4573-8165-ee1e24b0fd56', 'e7f53b2b-3445-4439-9494-bacd4a31f660', 1, E'https://d2whmjegel90p1.cloudfront.net/Product_Videos/v2/batch5-AR_401/master.m3u8', E'https://d2whmjegel90p1.cloudfront.net/Product_Videos/v2/batch5-AR_401/preview.jpg', '00:00:00', 'Product Video');
INSERT INTO product_videos (product_id, video_id, position, video_uri, cover_image_uri, start_time, video_title) VALUES ('8adac386-9152-4573-8165-ee1e24b0fd56', 'e4222a27-dce7-47bc-8a08-3ffb2952ebbe', 2, E'https://d2whmjegel90p1.cloudfront.net/Product_Videos/v2/batch5-BP_401/master.m3u8', E'https://d2whmjegel90p1.cloudfront.net/Product_Videos/v2/batch5-BP_401/preview.jpg', '00:00:00', 'Product Video');
INSERT INTO product_videos (product_id, video_id, position, video_uri, cover_image_uri, start_time, video_title) VALUES ('8adac386-9152-4573-8165-ee1e24b0fd56', 'dcc32e98-03c7-4804-9852-1debf4bad364', 3, E'https://d2whmjegel90p1.cloudfront.net/Product_Videos/v2/batch5-BP_402/master.m3u8', E'https://d2whmjegel90p1.cloudfront.net/Product_Videos/v2/batch5-BP_402/preview.jpg', '00:00:00', 'Product Video');
INSERT INTO product_videos (product_id, video_id, position, video_uri, cover_image_uri, start_time, video_title) VALUES ('5b0e9651-2918-4c9e-afa6-7eba61f53c0f', 'f4addd45-50d6-4fe4-9534-cae7d262a0a6', 1, E'https://d2whmjegel90p1.cloudfront.net/Product_Videos/v2/batch5-NS_403/master.m3u8', E'https://d2whmjegel90p1.cloudfront.net/Product_Videos/v2/batch5-NS_403/preview.jpg', '00:00:00', 'Product Video');
INSERT INTO product_videos (product_id, video_id, position, video_uri, cover_image_uri, start_time, video_title) VALUES ('4f43cef1-2db7-4d9c-9472-a74bea6c7aeb', '3a13dbd3-f53d-43a5-bb9b-ab1a100b0b4f', 1, E'https://d2whmjegel90p1.cloudfront.net/Product_Videos/v2/batch5-DM_402/master.m3u8', E'https://d2whmjegel90p1.cloudfront.net/Product_Videos/v2/batch5-DM_402/preview.jpg', '00:00:00', 'Product Video');
INSERT INTO product_videos (product_id, video_id, position, video_uri, cover_image_uri, start_time, video_title) VALUES ('4f43cef1-2db7-4d9c-9472-a74bea6c7aeb', 'a59d06a0-1a10-4d4d-a34e-8dbe92016750', 2, E'https://d2whmjegel90p1.cloudfront.net/Product_Videos/v2/batch5-DM_404/master.m3u8', E'https://d2whmjegel90p1.cloudfront.net/Product_Videos/v2/batch5-DM_404/preview.jpg', '00:00:00', 'Product Video');
INSERT INTO product_videos (product_id, video_id, position, video_uri, cover_image_uri, start_time, video_title) VALUES ('59f98424-d393-4691-8203-f9c976101515', 'dfbf01fe-5c13-4bdc-87e5-10a067454b48', 1, E'https://d2whmjegel90p1.cloudfront.net/Product_Videos/v2/batch5-DM_403/master.m3u8', E'https://d2whmjegel90p1.cloudfront.net/Product_Videos/v2/batch5-DM_403/preview.jpg', '00:00:00', 'Product Video');
INSERT INTO product_videos (product_id, video_id, position, video_uri, cover_image_uri, start_time, video_title) VALUES ('ea280bf7-db3a-4b9f-8db5-cc1e072b64f8', '3057c1cb-514c-4309-b8b6-4c245811155e', 1, E'https://d2whmjegel90p1.cloudfront.net/Product_Videos/v2/batch5-NS_404/master.m3u8', E'https://d2whmjegel90p1.cloudfront.net/Product_Videos/v2/batch5-NS_404/preview.jpg', '00:00:00', 'Product Video');
INSERT INTO product_videos (product_id, video_id, position, video_uri, cover_image_uri, start_time, video_title) VALUES ('f3eb97f6-4e6a-4c3e-8d21-409dfd68e2f9', '42bac375-9de4-4c46-a49d-30da6b6763e0', 1, E'https://d2whmjegel90p1.cloudfront.net/Product_Videos/v2/batch5-LM_404/master.m3u8', E'https://d2whmjegel90p1.cloudfront.net/Product_Videos/v2/batch5-LM_404/preview.jpg', '00:00:00', 'Product Video');
INSERT INTO product_videos (product_id, video_id, position, video_uri, cover_image_uri, start_time, video_title) VALUES ('04e7e4d1-b972-40f3-b50e-416cd68a8923', '4b12291a-18bd-4b3a-95ba-343443cc6533', 1, E'https://d2whmjegel90p1.cloudfront.net/Product_Videos/v2/batch5-BP_403/master.m3u8', E'https://d2whmjegel90p1.cloudfront.net/Product_Videos/v2/batch5-BP_403/preview.jpg', '00:00:00', 'Product Video');
INSERT INTO product_videos (product_id, video_id, position, video_uri, cover_image_uri, start_time, video_title) VALUES ('c327b8d4-292c-4da2-94bd-403fa0f4e459', '7950dcdb-a2d4-4465-8fe5-b38069891112', 1, E'https://d2whmjegel90p1.cloudfront.net/Product_Videos/v2/batch5-OK_401/master.m3u8', E'https://d2whmjegel90p1.cloudfront.net/Product_Videos/v2/batch5-OK_401/preview.jpg', '00:00:00', 'Product Video');
INSERT INTO product_videos (product_id, video_id, position, video_uri, cover_image_uri, start_time, video_title) VALUES ('f04e87b8-d043-4d38-acf0-38b8b668dd7e', 'f562bfc9-b9f9-4f4c-8c9f-72d2c0d09ce9', 1, E'https://d2whmjegel90p1.cloudfront.net/Product_Videos/v2/batch5-JRY_401/master.m3u8', E'https://d2whmjegel90p1.cloudfront.net/Product_Videos/v2/batch5-JRY_401/preview.jpg', '00:00:00', 'Product Video');
INSERT INTO product_videos (product_id, video_id, position, video_uri, cover_image_uri, start_time, video_title) VALUES ('f04e87b8-d043-4d38-acf0-38b8b668dd7e', 'f1f94c9e-1ccc-48d5-b0c8-59e3a962ad91', 2, E'https://d2whmjegel90p1.cloudfront.net/Product_Videos/v2/batch5-JRY_403/master.m3u8', E'https://d2whmjegel90p1.cloudfront.net/Product_Videos/v2/batch5-JRY_403/preview.jpg', '00:00:00', 'Product Video');
INSERT INTO product_videos (product_id, video_id, position, video_uri, cover_image_uri, start_time, video_title) VALUES ('f04e87b8-d043-4d38-acf0-38b8b668dd7e', 'd1c12679-b026-4672-a1fa-f83b4326a2a4', 3, E'https://d2whmjegel90p1.cloudfront.net/Product_Videos/v2/batch5-JRY_404/master.m3u8', E'https://d2whmjegel90p1.cloudfront.net/Product_Videos/v2/batch5-JRY_404/preview.jpg', '00:00:00', 'Product Video');
INSERT INTO product_videos (product_id, video_id, position, video_uri, cover_image_uri, start_time, video_title) VALUES ('335a1e2f-3d09-4090-a05a-a0cd77348d22', '83d31072-920e-42a3-aa9a-11dd00e7330a', 1, E'https://d2whmjegel90p1.cloudfront.net/Product_Videos/v2/batch5-MC_401/master.m3u8', E'https://d2whmjegel90p1.cloudfront.net/Product_Videos/v2/batch5-MC_401/preview.jpg', '00:00:00', 'Product Video');
INSERT INTO product_videos (product_id, video_id, position, video_uri, cover_image_uri, start_time, video_title) VALUES ('446a7c4a-6b11-4d84-becd-8dd450ec2a74', '09f9688f-0d9f-4356-a879-4a3707763c01', 1, E'https://d2whmjegel90p1.cloudfront.net/Product_Videos/v2/batch5-TD_301/master.m3u8', E'https://d2whmjegel90p1.cloudfront.net/Product_Videos/v2/batch5-TD_301/preview.jpg', '00:00:00', 'Product Video');
INSERT INTO product_videos (product_id, video_id, position, video_uri, cover_image_uri, start_time, video_title) VALUES ('e11da551-ea83-4a7a-b935-3493fa44a719', 'fbd39904-8e8e-4645-a07c-626354e9329f', 1, E'https://d2whmjegel90p1.cloudfront.net/Product_Videos/v2/batch5-MW_303/master.m3u8', E'https://d2whmjegel90p1.cloudfront.net/Product_Videos/v2/batch5-MW_303/preview.jpg', '00:00:00', 'Product Video');
INSERT INTO product_videos (product_id, video_id, position, video_uri, cover_image_uri, start_time, video_title) VALUES ('6121229b-f402-46c2-91a3-4633aa0695bf', '392589ee-1277-4d76-b0ed-15c8f66223b1', 1, E'https://d2whmjegel90p1.cloudfront.net/Product_Videos/v2/batch5-MW_317/master.m3u8', E'https://d2whmjegel90p1.cloudfront.net/Product_Videos/v2/batch5-MW_317/preview.jpg', '00:00:00', 'Product Video');
INSERT INTO product_videos (product_id, video_id, position, video_uri, cover_image_uri, start_time, video_title) VALUES ('a99d57fd-7d72-4327-afb7-82d63af36b8f', '6e5e5fd7-697a-4ac4-a189-ed60556d9cbd', 1, E'https://d2whmjegel90p1.cloudfront.net/Product_Videos/v2/batch5-MW_316/master.m3u8', E'https://d2whmjegel90p1.cloudfront.net/Product_Videos/v2/batch5-MW_316/preview.jpg', '00:00:00', 'Product Video');
INSERT INTO product_videos (product_id, video_id, position, video_uri, cover_image_uri, start_time, video_title) VALUES ('c239f934-57af-46a8-b6bf-d40e5361548d', 'cf518bb3-06a7-4df8-897d-c108620f66a7', 1, E'https://d2whmjegel90p1.cloudfront.net/Product_Videos/v2/batch5-MC_402/master.m3u8', E'https://d2whmjegel90p1.cloudfront.net/Product_Videos/v2/batch5-MC_402/preview.jpg', '00:00:00', 'Product Video');
INSERT INTO product_videos (product_id, video_id, position, video_uri, cover_image_uri, start_time, video_title) VALUES ('e9098ba5-1dad-45a1-ba4c-d6e53af7fb8a', '7af9b8df-dd2c-46cf-8290-baba84630d81', 1, E'https://d2whmjegel90p1.cloudfront.net/Product_Videos/v2/batch5-NS_402/master.m3u8', E'https://d2whmjegel90p1.cloudfront.net/Product_Videos/v2/batch5-NS_402/preview.jpg', '00:00:00', 'Product Video');
INSERT INTO product_videos (product_id, video_id, position, video_uri, cover_image_uri, start_time, video_title) VALUES ('061a4508-ce76-4df4-b8e1-8a7eebad94ee', 'd49bcbae-d4ed-4dc7-bef5-9c175746e845', 1, E'https://d2whmjegel90p1.cloudfront.net/Product_Videos/v2/batch5-JRY_405/master.m3u8', E'https://d2whmjegel90p1.cloudfront.net/Product_Videos/v2/batch5-JRY_405/preview.jpg', '00:00:00', 'Product Video');
INSERT INTO product_videos (product_id, video_id, position, video_uri, cover_image_uri, start_time, video_title) VALUES ('4dc4264b-f013-42f5-8051-7d02a9966d35', '719b5686-2087-403c-821d-299efecb5776', 1, E'https://d2whmjegel90p1.cloudfront.net/Product_Videos/v2/batch5-JRY_402/master.m3u8', E'https://d2whmjegel90p1.cloudfront.net/Product_Videos/v2/batch5-JRY_402/preview.jpg', '00:00:00', 'Product Video');
INSERT INTO product_videos (product_id, video_id, position, video_uri, cover_image_uri, start_time, video_title) VALUES ('61d48072-7c5f-4b1b-9286-dd4f3bb6a8dc', '1f4920e0-a5a9-4a68-9429-b0b2c0a554d5', 1, E'https://d2whmjegel90p1.cloudfront.net/Product_Videos/v2/batch5-NS_405/master.m3u8', E'https://d2whmjegel90p1.cloudfront.net/Product_Videos/v2/batch5-NS_405/preview.jpg', '00:00:00', 'Product Video');
INSERT INTO product_videos (product_id, video_id, position, video_uri, cover_image_uri, start_time, video_title) VALUES ('c0d53424-819d-423b-b234-433978737dc5', '70d68a8d-9f37-4378-995f-85b379b06e9e', 1, E'https://d2whmjegel90p1.cloudfront.net/Product_Videos/v2/batch5-JR_404/master.m3u8', E'https://d2whmjegel90p1.cloudfront.net/Product_Videos/v2/batch5-JR_404/preview.jpg', '00:00:00', 'Product Video');
INSERT INTO product_videos (product_id, video_id, position, video_uri, cover_image_uri, start_time, video_title) VALUES ('c1506cbf-90cf-4c5c-b49c-a1872870cdac', 'd84caa13-ae15-40af-8558-25aadd87f099', 1, E'https://d2whmjegel90p1.cloudfront.net/Product_Videos/v2/batch5-DM_401/master.m3u8', E'https://d2whmjegel90p1.cloudfront.net/Product_Videos/v2/batch5-DM_401/preview.jpg', '00:00:00', 'Product Video');
INSERT INTO product_videos (product_id, video_id, position, video_uri, cover_image_uri, start_time, video_title) VALUES ('9f4a338c-a50d-481d-abbf-3c7a22fdc785', 'c25ce52b-63d4-4f62-ab6a-fe4137590e8a', 1, E'https://d2whmjegel90p1.cloudfront.net/Product_Videos/v2/batch5-MC_403/master.m3u8', E'https://d2whmjegel90p1.cloudfront.net/Product_Videos/v2/batch5-MC_403/preview.jpg', '00:00:00', 'Product Video');
INSERT INTO product_videos (product_id, video_id, position, video_uri, cover_image_uri, start_time, video_title) VALUES ('da77fd37-15fd-4080-be74-6c50290deda8', '2859d56a-f3a4-4589-ae80-4caf32b7051b', 1, E'https://d2whmjegel90p1.cloudfront.net/Product_Videos/v2/batch5-JR_401/master.m3u8', E'https://d2whmjegel90p1.cloudfront.net/Product_Videos/v2/batch5-JR_401/preview.jpg', '00:00:00', 'Product Video');
INSERT INTO product_videos (product_id, video_id, position, video_uri, cover_image_uri, start_time, video_title) VALUES ('6a4c6473-1f6b-47d4-b7c9-72a92c93fa14', 'e88be92e-491d-4682-8bad-6641a478d4ad', 1, E'https://d2whmjegel90p1.cloudfront.net/Product_Videos/v2/batch5-JR_402/master.m3u8', E'https://d2whmjegel90p1.cloudfront.net/Product_Videos/v2/batch5-JR_402/preview.jpg', '00:00:00', 'Product Video');
INSERT INTO product_videos (product_id, video_id, position, video_uri, cover_image_uri, start_time, video_title) VALUES ('95bb9f1f-86e7-4a33-b982-42b6c6eb411e', 'b90b607a-4b3f-4718-ad1d-89f0b4158d3c', 2, E'https://d2whmjegel90p1.cloudfront.net/Product_Videos/v2/batch5-NS_401/master.m3u8', E'https://d2whmjegel90p1.cloudfront.net/Product_Videos/v2/batch5-NS_401/preview.jpg', '00:00:00', 'Product Video');
INSERT INTO product_videos (product_id, video_id, position, video_uri, cover_image_uri, start_time, video_title) VALUES ('95bb9f1f-86e7-4a33-b982-42b6c6eb411e', 'e88be92e-491d-4682-8bad-6641a478d4ad', 1, E'https://d2whmjegel90p1.cloudfront.net/Product_Videos/v2/batch5-JR_402/master.m3u8', E'https://d2whmjegel90p1.cloudfront.net/Product_Videos/v2/batch5-JR_402/preview.jpg', '00:00:00', 'Product Video');
INSERT INTO product_videos (product_id, video_id, position, video_uri, cover_image_uri, start_time, video_title) VALUES ('fd5dd9b8-3fb9-4209-ac0f-20b427dfc0b3', '1a2fa18a-771a-472a-98b4-9435fb7634fa', 1, E'https://d2whmjegel90p1.cloudfront.net/Product_Videos/v2/batch5-MC_404/master.m3u8', E'https://d2whmjegel90p1.cloudfront.net/Product_Videos/v2/batch5-MC_404/preview.jpg', '00:00:00', 'Product Video');
INSERT INTO product_videos (product_id, video_id, position, video_uri, cover_image_uri, start_time, video_title) VALUES ('6e87cc7b-75b0-4099-a427-3895b1aa30e5', '7af9b8df-dd2c-46cf-8290-baba84630d81', 1, E'https://d2whmjegel90p1.cloudfront.net/Product_Videos/v2/batch5-NS_402/master.m3u8', E'https://d2whmjegel90p1.cloudfront.net/Product_Videos/v2/batch5-NS_402/preview.jpg', '00:00:00', 'Product Video');

INSERT INTO product_images (product_id, position, image_uri) VALUES ('ea280bf7-db3a-4b9f-8db5-cc1e072b64f8', 1, E'https://d2whmjegel90p1.cloudfront.net/Product_Images/batch5/173TS7712.jpg');
INSERT INTO product_images (product_id, position, image_uri) VALUES ('e11da551-ea83-4a7a-b935-3493fa44a719', 1, E'https://d2whmjegel90p1.cloudfront.net/Product_Images/batch5/BG-BEL812-BOLD67.jpg');
INSERT INTO product_images (product_id, position, image_uri) VALUES ('8adac386-9152-4573-8165-ee1e24b0fd56', 1, E'https://d2whmjegel90p1.cloudfront.net/Product_Images/batch5/16042SS.jpg');
INSERT INTO product_images (product_id, position, image_uri) VALUES ('c327b8d4-292c-4da2-94bd-403fa0f4e459', 1, E'https://d2whmjegel90p1.cloudfront.net/Product_Images/batch5/22635ML.jpg');
INSERT INTO product_images (product_id, position, image_uri) VALUES ('6e87cc7b-75b0-4099-a427-3895b1aa30e5', 1, E'https://d2whmjegel90p1.cloudfront.net/Product_Images/batch5/Z3580.jpg');
INSERT INTO product_images (product_id, position, image_uri) VALUES ('f04e87b8-d043-4d38-acf0-38b8b668dd7e', 1, E'https://d2whmjegel90p1.cloudfront.net/Product_Images/batch5/235TS1065.jpg');
INSERT INTO product_images (product_id, position, image_uri) VALUES ('e9098ba5-1dad-45a1-ba4c-d6e53af7fb8a', 1, E'https://d2whmjegel90p1.cloudfront.net/Product_Images/batch5/NA6250.jpg');
INSERT INTO product_images (product_id, position, image_uri) VALUES ('da77fd37-15fd-4080-be74-6c50290deda8', 1, E'https://d2whmjegel90p1.cloudfront.net/Product_Images/batch5/T3177LC-FI-1.jpg');
INSERT INTO product_images (product_id, position, image_uri) VALUES ('84712184-a4ff-483d-9e3f-cd52d52bb42b', 1, E'https://d2whmjegel90p1.cloudfront.net/Product_Images/batch5/14087.jpg');
INSERT INTO product_images (product_id, position, image_uri) VALUES ('c239f934-57af-46a8-b6bf-d40e5361548d', 1, E'https://d2whmjegel90p1.cloudfront.net/Product_Images/batch5/CZ4012.jpg');
INSERT INTO product_images (product_id, position, image_uri) VALUES ('4dc4264b-f013-42f5-8051-7d02a9966d35', 1, E'https://d2whmjegel90p1.cloudfront.net/Product_Images/batch5/SW2531357-2.jpg');
INSERT INTO product_images (product_id, position, image_uri) VALUES ('c0d53424-819d-423b-b234-433978737dc5', 1, E'https://d2whmjegel90p1.cloudfront.net/Product_Images/batch5/SW2533131.jpg');
INSERT INTO product_images (product_id, position, image_uri) VALUES ('5b0e9651-2918-4c9e-afa6-7eba61f53c0f', 1, E'https://d2whmjegel90p1.cloudfront.net/Product_Images/batch5/171TS2657.jpg');
INSERT INTO product_images (product_id, position, image_uri) VALUES ('e1db1cb2-0eb7-46af-9c3a-bab93314ca22', 1, E'https://d2whmjegel90p1.cloudfront.net/Product_Images/batch5/1269SS.jpg');
INSERT INTO product_images (product_id, position, image_uri) VALUES ('9f4a338c-a50d-481d-abbf-3c7a22fdc785', 1, E'https://d2whmjegel90p1.cloudfront.net/Product_Images/batch5/T3175-PTD-1.jpg');
INSERT INTO product_images (product_id, position, image_uri) VALUES ('f3eb97f6-4e6a-4c3e-8d21-409dfd68e2f9', 1, E'https://d2whmjegel90p1.cloudfront.net/Product_Images/batch5/19419ML.jpg');
INSERT INTO product_images (product_id, position, image_uri) VALUES ('6a4c6473-1f6b-47d4-b7c9-72a92c93fa14', 1, E'https://d2whmjegel90p1.cloudfront.net/Product_Images/batch5/T3178-P4020.jpg');
INSERT INTO product_images (product_id, position, image_uri) VALUES ('c1506cbf-90cf-4c5c-b49c-a1872870cdac', 1, E'https://d2whmjegel90p1.cloudfront.net/Product_Images/batch5/T3038-RTD-1.jpg');
INSERT INTO product_images (product_id, position, image_uri) VALUES ('6121229b-f402-46c2-91a3-4633aa0695bf', 1, E'https://d2whmjegel90p1.cloudfront.net/Product_Images/batch5/BG-PMR20PNT-BOLD67.jpg');
INSERT INTO product_images (product_id, position, image_uri) VALUES ('4f43cef1-2db7-4d9c-9472-a74bea6c7aeb', 1, E'https://d2whmjegel90p1.cloudfront.net/Product_Images/batch5/171TS9608.jpg');
INSERT INTO product_images (product_id, position, image_uri) VALUES ('061a4508-ce76-4df4-b8e1-8a7eebad94ee', 1, E'https://d2whmjegel90p1.cloudfront.net/Product_Images/batch5/NS7976.jpg');
INSERT INTO product_images (product_id, position, image_uri) VALUES ('95bb9f1f-86e7-4a33-b982-42b6c6eb411e', 1, E'https://d2whmjegel90p1.cloudfront.net/Product_Images/batch5/T3178-P4026.jpg');
INSERT INTO product_images (product_id, position, image_uri) VALUES ('59f98424-d393-4691-8203-f9c976101515', 1, E'https://d2whmjegel90p1.cloudfront.net/Product_Images/batch5/171TS9613.jpg');
INSERT INTO product_images (product_id, position, image_uri) VALUES ('1dc1dc1c-011d-4789-9375-fc41cd3c44e2', 1, E'https://d2whmjegel90p1.cloudfront.net/Product_Images/batch5/14386.jpg');
INSERT INTO product_images (product_id, position, image_uri) VALUES ('446a7c4a-6b11-4d84-becd-8dd450ec2a74', 1, E'https://d2whmjegel90p1.cloudfront.net/Product_Images/batch5/BG-640VR-BLD234.jpg');
INSERT INTO product_images (product_id, position, image_uri) VALUES ('a99d57fd-7d72-4327-afb7-82d63af36b8f', 1, E'https://d2whmjegel90p1.cloudfront.net/Product_Images/batch5/BG-SS4500-GRAF234.jpg');
INSERT INTO product_images (product_id, position, image_uri) VALUES ('335a1e2f-3d09-4090-a05a-a0cd77348d22', 1, E'https://d2whmjegel90p1.cloudfront.net/Product_Images/batch5/69TS87259.jpg');
INSERT INTO product_images (product_id, position, image_uri) VALUES ('fd5dd9b8-3fb9-4209-ac0f-20b427dfc0b3', 1, E'https://d2whmjegel90p1.cloudfront.net/Product_Images/batch5/WT2386-2-88.jpg');
INSERT INTO product_images (product_id, position, image_uri) VALUES ('44ac596f-90d3-4404-8246-5d10e110f503', 1, E'https://d2whmjegel90p1.cloudfront.net/Product_Images/batch5/102TS4878.jpg');
INSERT INTO product_images (product_id, position, image_uri) VALUES ('381630f0-4c24-43ed-9389-3f7581cc5144', 1, E'https://d2whmjegel90p1.cloudfront.net/Product_Images/batch5/10829.jpg');
INSERT INTO product_images (product_id, position, image_uri) VALUES ('61d48072-7c5f-4b1b-9286-dd4f3bb6a8dc', 1, E'https://d2whmjegel90p1.cloudfront.net/Product_Images/batch5/SW25323.jpg');
INSERT INTO product_images (product_id, position, image_uri) VALUES ('04e7e4d1-b972-40f3-b50e-416cd68a8923', 1, E'https://d2whmjegel90p1.cloudfront.net/Product_Images/batch5/20464SS.jpg');


-- +pig Down

DELETE FROM product_images WHERE product_id IN ('381630f0-4c24-43ed-9389-3f7581cc5144', '44ac596f-90d3-4404-8246-5d10e110f503', 'e1db1cb2-0eb7-46af-9c3a-bab93314ca22', '84712184-a4ff-483d-9e3f-cd52d52bb42b', '1dc1dc1c-011d-4789-9375-fc41cd3c44e2', '8adac386-9152-4573-8165-ee1e24b0fd56', '5b0e9651-2918-4c9e-afa6-7eba61f53c0f', '4f43cef1-2db7-4d9c-9472-a74bea6c7aeb', '59f98424-d393-4691-8203-f9c976101515', 'ea280bf7-db3a-4b9f-8db5-cc1e072b64f8', 'f3eb97f6-4e6a-4c3e-8d21-409dfd68e2f9', '04e7e4d1-b972-40f3-b50e-416cd68a8923', 'c327b8d4-292c-4da2-94bd-403fa0f4e459', 'f04e87b8-d043-4d38-acf0-38b8b668dd7e', '335a1e2f-3d09-4090-a05a-a0cd77348d22', '89dad75e-f270-41fd-8353-926f3ee15b0e', 'c6701c20-a66f-4c2f-9e03-b9aac559c5c5', 'ce538206-5de9-495b-88ac-29bbd8d6cede', 'e83463db-8932-4a0d-bb41-8688ddb0f9fd', '6975b214-63d8-4f31-a25a-de31ca61ad96', '0191bcc9-3b28-4a8e-b886-6e13bbf54fdf', '9f12ebe0-485e-4be3-b72a-e26106a5dc01', '446a7c4a-6b11-4d84-becd-8dd450ec2a74', 'e11da551-ea83-4a7a-b935-3493fa44a719', '6121229b-f402-46c2-91a3-4633aa0695bf', 'a99d57fd-7d72-4327-afb7-82d63af36b8f', 'c239f934-57af-46a8-b6bf-d40e5361548d', 'e9098ba5-1dad-45a1-ba4c-d6e53af7fb8a', '061a4508-ce76-4df4-b8e1-8a7eebad94ee', '50ed494a-286e-4527-95ff-24967fd33ee3', 'e15e4c9d-449b-4a85-9311-590d6f06e152', '4dc4264b-f013-42f5-8051-7d02a9966d35', '61d48072-7c5f-4b1b-9286-dd4f3bb6a8dc', 'c0d53424-819d-423b-b234-433978737dc5', 'c1506cbf-90cf-4c5c-b49c-a1872870cdac', '9f4a338c-a50d-481d-abbf-3c7a22fdc785', 'da77fd37-15fd-4080-be74-6c50290deda8', '6a4c6473-1f6b-47d4-b7c9-72a92c93fa14', '95bb9f1f-86e7-4a33-b982-42b6c6eb411e', 'fd5dd9b8-3fb9-4209-ac0f-20b427dfc0b3', '6e87cc7b-75b0-4099-a427-3895b1aa30e5', '5c5f2ae4-e594-4ef0-9a4a-2dd6b7c5ab20');
DELETE FROM product_videos WHERE product_id IN ('381630f0-4c24-43ed-9389-3f7581cc5144', '44ac596f-90d3-4404-8246-5d10e110f503', 'e1db1cb2-0eb7-46af-9c3a-bab93314ca22', '84712184-a4ff-483d-9e3f-cd52d52bb42b', '1dc1dc1c-011d-4789-9375-fc41cd3c44e2', '8adac386-9152-4573-8165-ee1e24b0fd56', '5b0e9651-2918-4c9e-afa6-7eba61f53c0f', '4f43cef1-2db7-4d9c-9472-a74bea6c7aeb', '59f98424-d393-4691-8203-f9c976101515', 'ea280bf7-db3a-4b9f-8db5-cc1e072b64f8', 'f3eb97f6-4e6a-4c3e-8d21-409dfd68e2f9', '04e7e4d1-b972-40f3-b50e-416cd68a8923', 'c327b8d4-292c-4da2-94bd-403fa0f4e459', 'f04e87b8-d043-4d38-acf0-38b8b668dd7e', '335a1e2f-3d09-4090-a05a-a0cd77348d22', '89dad75e-f270-41fd-8353-926f3ee15b0e', 'c6701c20-a66f-4c2f-9e03-b9aac559c5c5', 'ce538206-5de9-495b-88ac-29bbd8d6cede', 'e83463db-8932-4a0d-bb41-8688ddb0f9fd', '6975b214-63d8-4f31-a25a-de31ca61ad96', '0191bcc9-3b28-4a8e-b886-6e13bbf54fdf', '9f12ebe0-485e-4be3-b72a-e26106a5dc01', '446a7c4a-6b11-4d84-becd-8dd450ec2a74', 'e11da551-ea83-4a7a-b935-3493fa44a719', '6121229b-f402-46c2-91a3-4633aa0695bf', 'a99d57fd-7d72-4327-afb7-82d63af36b8f', 'c239f934-57af-46a8-b6bf-d40e5361548d', 'e9098ba5-1dad-45a1-ba4c-d6e53af7fb8a', '061a4508-ce76-4df4-b8e1-8a7eebad94ee', '50ed494a-286e-4527-95ff-24967fd33ee3', 'e15e4c9d-449b-4a85-9311-590d6f06e152', '4dc4264b-f013-42f5-8051-7d02a9966d35', '61d48072-7c5f-4b1b-9286-dd4f3bb6a8dc', 'c0d53424-819d-423b-b234-433978737dc5', 'c1506cbf-90cf-4c5c-b49c-a1872870cdac', '9f4a338c-a50d-481d-abbf-3c7a22fdc785', 'da77fd37-15fd-4080-be74-6c50290deda8', '6a4c6473-1f6b-47d4-b7c9-72a92c93fa14', '95bb9f1f-86e7-4a33-b982-42b6c6eb411e', 'fd5dd9b8-3fb9-4209-ac0f-20b427dfc0b3', '6e87cc7b-75b0-4099-a427-3895b1aa30e5', '5c5f2ae4-e594-4ef0-9a4a-2dd6b7c5ab20');
DELETE FROM products WHERE id IN ('381630f0-4c24-43ed-9389-3f7581cc5144', '44ac596f-90d3-4404-8246-5d10e110f503', 'e1db1cb2-0eb7-46af-9c3a-bab93314ca22', '84712184-a4ff-483d-9e3f-cd52d52bb42b', '1dc1dc1c-011d-4789-9375-fc41cd3c44e2', '8adac386-9152-4573-8165-ee1e24b0fd56', '5b0e9651-2918-4c9e-afa6-7eba61f53c0f', '4f43cef1-2db7-4d9c-9472-a74bea6c7aeb', '59f98424-d393-4691-8203-f9c976101515', 'ea280bf7-db3a-4b9f-8db5-cc1e072b64f8', 'f3eb97f6-4e6a-4c3e-8d21-409dfd68e2f9', '04e7e4d1-b972-40f3-b50e-416cd68a8923', 'c327b8d4-292c-4da2-94bd-403fa0f4e459', 'f04e87b8-d043-4d38-acf0-38b8b668dd7e', '335a1e2f-3d09-4090-a05a-a0cd77348d22', '89dad75e-f270-41fd-8353-926f3ee15b0e', 'c6701c20-a66f-4c2f-9e03-b9aac559c5c5', 'ce538206-5de9-495b-88ac-29bbd8d6cede', 'e83463db-8932-4a0d-bb41-8688ddb0f9fd', '6975b214-63d8-4f31-a25a-de31ca61ad96', '0191bcc9-3b28-4a8e-b886-6e13bbf54fdf', '9f12ebe0-485e-4be3-b72a-e26106a5dc01', '446a7c4a-6b11-4d84-becd-8dd450ec2a74', 'e11da551-ea83-4a7a-b935-3493fa44a719', '6121229b-f402-46c2-91a3-4633aa0695bf', 'a99d57fd-7d72-4327-afb7-82d63af36b8f', 'c239f934-57af-46a8-b6bf-d40e5361548d', 'e9098ba5-1dad-45a1-ba4c-d6e53af7fb8a', '061a4508-ce76-4df4-b8e1-8a7eebad94ee', '50ed494a-286e-4527-95ff-24967fd33ee3', 'e15e4c9d-449b-4a85-9311-590d6f06e152', '4dc4264b-f013-42f5-8051-7d02a9966d35', '61d48072-7c5f-4b1b-9286-dd4f3bb6a8dc', 'c0d53424-819d-423b-b234-433978737dc5', 'c1506cbf-90cf-4c5c-b49c-a1872870cdac', '9f4a338c-a50d-481d-abbf-3c7a22fdc785', 'da77fd37-15fd-4080-be74-6c50290deda8', '6a4c6473-1f6b-47d4-b7c9-72a92c93fa14', '95bb9f1f-86e7-4a33-b982-42b6c6eb411e', 'fd5dd9b8-3fb9-4209-ac0f-20b427dfc0b3', '6e87cc7b-75b0-4099-a427-3895b1aa30e5', '5c5f2ae4-e594-4ef0-9a4a-2dd6b7c5ab20');
