
-- +pig Name: 00__items
-- +pig Requirements:
-- +pig Up

INSERT INTO products (title, description, category_id, id, store_id, owner_user_id, shop_id, brand_id, product_id, properties) VALUES (E'Stella', E'Stella', 'c8a21666-562f-4450-a834-c5e0d132928c', '72f27a8a-ed7f-4156-95d2-4d2cbf47b02f', 'bc4497d4-6140-4700-bd62-c3ec6f752981', 'fd05c79a-ebfe-418d-83ab-4b372dde7b53', 'c2d2cd5c-70ab-48d6-b061-bf146aa78769', '2322c96c-e8d4-46f4-82b2-61e51bbb286e', '72f27a8a-ed7f-4156-95d2-4d2cbf47b02f', '[{"size": "M", "brand": "Urban Expressions", "color": "Black", "price": 60, "condition": "new", "salePrice": 0, "sku": "10540A", "styles": "Athleisure", "availability": "in stock", "salePriceEffectiveDate": null, "variantId": "b9d376ac-cb1d-4033-a25e-999e0f04c834"}]');
INSERT INTO products (title, description, category_id, id, store_id, owner_user_id, shop_id, brand_id, product_id, properties) VALUES (E'Motivator', E'Motivator', 'c8a21666-562f-4450-a834-c5e0d132928c', '06e4507f-8113-49e6-8714-74c3400126f6', 'bc4497d4-6140-4700-bd62-c3ec6f752981', 'fd05c79a-ebfe-418d-83ab-4b372dde7b53', '7178a36e-5259-460b-a8ec-4eb475f3e0f1', '3240235c-6630-4e11-9c21-186772dc7a57', '06e4507f-8113-49e6-8714-74c3400126f6', '[{"size": "M", "brand": "Sol & Selene", "color": "Camo", "price": 90, "condition": "new", "salePrice": 0, "sku": "1269SS", "styles": "Athleisure", "availability": "in stock", "salePriceEffectiveDate": null, "variantId": "1453ebe8-05f7-4b3f-98d8-c397d8fc8ebc"}]');
INSERT INTO products (title, description, category_id, id, store_id, owner_user_id, shop_id, brand_id, product_id, properties) VALUES (E'Lennon', E'Lennon', 'c8a21666-562f-4450-a834-c5e0d132928c', 'c04f5a36-001a-44b1-a4d1-d0ef560b3c7c', 'bc4497d4-6140-4700-bd62-c3ec6f752981', 'fd05c79a-ebfe-418d-83ab-4b372dde7b53', 'c2d2cd5c-70ab-48d6-b061-bf146aa78769', '2322c96c-e8d4-46f4-82b2-61e51bbb286e', 'c04f5a36-001a-44b1-a4d1-d0ef560b3c7c', '[{"size": "L", "brand": "Urban Expressions", "color": "Conac", "price": 90, "condition": "new", "salePrice": 0, "sku": "14386", "styles": "Athleisure", "availability": "in stock", "salePriceEffectiveDate": null, "variantId": "ad338760-1e47-465c-940c-7996f6e74707"}]');
INSERT INTO products (title, description, category_id, id, store_id, owner_user_id, shop_id, brand_id, product_id, properties) VALUES (E'Hip Hugger', E'Hip Hugger', 'c8a21666-562f-4450-a834-c5e0d132928c', '045583b7-630c-4f7c-8e3d-bdc4d87036e0', 'bc4497d4-6140-4700-bd62-c3ec6f752981', 'fd05c79a-ebfe-418d-83ab-4b372dde7b53', '7178a36e-5259-460b-a8ec-4eb475f3e0f1', '3240235c-6630-4e11-9c21-186772dc7a57', '045583b7-630c-4f7c-8e3d-bdc4d87036e0', '[{"size": "S", "brand": "Sol & Selene", "color": "Black Star", "price": 50, "condition": "new", "salePrice": 0, "sku": "16042SS", "styles": "Athleisure", "availability": "in stock", "salePriceEffectiveDate": null, "variantId": "99d24c32-a75a-46e7-81f0-65a8f96ec801"}]');
INSERT INTO products (title, description, category_id, id, store_id, owner_user_id, shop_id, brand_id, product_id, properties) VALUES (E'Roux', E'Roux', 'c8a21666-562f-4450-a834-c5e0d132928c', '2eb92e2f-214f-4c5e-ab71-9583a4aa7673', 'bc4497d4-6140-4700-bd62-c3ec6f752981', 'fd05c79a-ebfe-418d-83ab-4b372dde7b53', 'c03c4fcb-7ce7-4cde-ad67-918229268231', 'd5b07b29-05d1-478e-ab1f-e7354b9dd337', '2eb92e2f-214f-4c5e-ab71-9583a4aa7673', '[{"size": "S", "brand": "Moda Luxe", "color": "Blush", "price": 70, "condition": "new", "salePrice": 0, "sku": "17680ML", "styles": "Athleisure", "availability": "in stock", "salePriceEffectiveDate": null, "variantId": "5f050f09-c956-466b-81ee-ec7f32d61cce"}]');
INSERT INTO products (title, description, category_id, id, store_id, owner_user_id, shop_id, brand_id, product_id, properties) VALUES (E'Mable', E'Mable', 'c8a21666-562f-4450-a834-c5e0d132928c', '6dd599cf-cabe-42d9-af4a-592324ef9f76', 'bc4497d4-6140-4700-bd62-c3ec6f752981', 'fd05c79a-ebfe-418d-83ab-4b372dde7b53', 'c2d2cd5c-70ab-48d6-b061-bf146aa78769', '2322c96c-e8d4-46f4-82b2-61e51bbb286e', '6dd599cf-cabe-42d9-af4a-592324ef9f76', '[{"size": "S", "brand": "Urban Expressions", "color": "Natural", "price": 70, "condition": "new", "salePrice": 0, "sku": "19649A", "styles": "Athleisure", "availability": "in stock", "salePriceEffectiveDate": null, "variantId": "2a909bd9-1d09-4db5-ad36-31ee794a57e8"}]');
INSERT INTO products (title, description, category_id, id, store_id, owner_user_id, shop_id, brand_id, product_id, properties) VALUES (E'Divide & Conquer', E'Divide & Conquer', 'c8a21666-562f-4450-a834-c5e0d132928c', 'cce1aa11-2adf-430e-8d66-5adba890ed65', 'bc4497d4-6140-4700-bd62-c3ec6f752981', 'fd05c79a-ebfe-418d-83ab-4b372dde7b53', '7178a36e-5259-460b-a8ec-4eb475f3e0f1', '3240235c-6630-4e11-9c21-186772dc7a57', 'cce1aa11-2adf-430e-8d66-5adba890ed65', '[{"size": "S", "brand": "Sol & Selene", "color": "Blue Camo Silver", "price": 60, "condition": "new", "salePrice": 0, "sku": "20464SS", "styles": "Athleisure", "availability": "in stock", "salePriceEffectiveDate": null, "variantId": "3903ec46-3722-4f3c-aeb3-5e822c5f2f8d"}]');
INSERT INTO products (title, description, category_id, id, store_id, owner_user_id, shop_id, brand_id, product_id, properties) VALUES (E'Savanah Pebble', E'Savanah Pebble', 'c8a21666-562f-4450-a834-c5e0d132928c', '4c2751b0-b7e6-49a8-a905-7c14426fbcea', 'bc4497d4-6140-4700-bd62-c3ec6f752981', 'fd05c79a-ebfe-418d-83ab-4b372dde7b53', 'c03c4fcb-7ce7-4cde-ad67-918229268231', 'd5b07b29-05d1-478e-ab1f-e7354b9dd337', '4c2751b0-b7e6-49a8-a905-7c14426fbcea', '[{"size": "M", "brand": "Moda Luxe", "color": "Black", "price": 70, "condition": "new", "salePrice": 0, "sku": "21288PML", "styles": "Athleisure", "availability": "in stock", "salePriceEffectiveDate": null, "variantId": "69030548-6763-4cdf-9ee1-69473edca09b"}]');
INSERT INTO products (title, description, category_id, id, store_id, owner_user_id, shop_id, brand_id, product_id, properties) VALUES (E'Parker', E'Parker', 'c8a21666-562f-4450-a834-c5e0d132928c', 'fa36ac38-3397-4774-9f75-8d6f91b2aea2', 'bc4497d4-6140-4700-bd62-c3ec6f752981', 'fd05c79a-ebfe-418d-83ab-4b372dde7b53', 'c03c4fcb-7ce7-4cde-ad67-918229268231', 'd5b07b29-05d1-478e-ab1f-e7354b9dd337', 'fa36ac38-3397-4774-9f75-8d6f91b2aea2', '[{"size": "M", "brand": "Moda Luxe", "color": "Marmalade", "price": 90, "condition": "new", "salePrice": 0, "sku": "21734ML", "styles": "Athleisure", "availability": "in stock", "salePriceEffectiveDate": null, "variantId": "9c8e025b-eed9-4d7f-ac2e-3042ab1245f3"}]');
INSERT INTO products (title, description, category_id, id, store_id, owner_user_id, shop_id, brand_id, product_id, properties) VALUES (E'Motivator Tote (No Excuses)', E'Motivator Tote (No Excuses)', 'c8a21666-562f-4450-a834-c5e0d132928c', 'a1169174-def4-4d5a-83ce-95d333a84c53', 'bc4497d4-6140-4700-bd62-c3ec6f752981', 'fd05c79a-ebfe-418d-83ab-4b372dde7b53', '7178a36e-5259-460b-a8ec-4eb475f3e0f1', '3240235c-6630-4e11-9c21-186772dc7a57', 'a1169174-def4-4d5a-83ce-95d333a84c53', '[{"size": "L", "brand": "Sol & Selene", "color": "Purple Haze", "price": 120, "condition": "new", "salePrice": 0, "sku": "23377SS", "styles": "Athleisure", "availability": "in stock", "salePriceEffectiveDate": null, "variantId": "eda8ea83-d5f6-434b-803f-a780b5927774"}]');
INSERT INTO products (title, description, category_id, id, store_id, owner_user_id, shop_id, brand_id, product_id, properties) VALUES (E'Leona', E'Leona', 'c8a21666-562f-4450-a834-c5e0d132928c', 'a6797b99-c448-48f4-af04-723a98055147', 'bc4497d4-6140-4700-bd62-c3ec6f752981', 'fd05c79a-ebfe-418d-83ab-4b372dde7b53', 'c2d2cd5c-70ab-48d6-b061-bf146aa78769', '2322c96c-e8d4-46f4-82b2-61e51bbb286e', 'a6797b99-c448-48f4-af04-723a98055147', '[{"size": "S", "brand": "Urban Expressions", "color": "Denim", "price": 70, "condition": "new", "salePrice": 0, "sku": "30038", "styles": "Athleisure", "availability": "in stock", "salePriceEffectiveDate": null, "variantId": "8e83c74d-f0ec-499a-a12f-a5a496c8f971"}]');

INSERT INTO product_videos (product_id, video_id, position, video_uri, cover_image_uri, start_time, video_title) VALUES ('72f27a8a-ed7f-4156-95d2-4d2cbf47b02f', '66807769-0f41-46c5-939f-1cb65276e658', 1, E'https://d2whmjegel90p1.cloudfront.net/Product_Videos/v2/batch4-KV_401/master.m3u8', E'https://d2whmjegel90p1.cloudfront.net/Product_Videos/v2/batch4-KV_401/preview.jpg', '00:00:00', 'Product Video');
INSERT INTO product_videos (product_id, video_id, position, video_uri, cover_image_uri, start_time, video_title) VALUES ('06e4507f-8113-49e6-8714-74c3400126f6', 'eafd1a5c-0bb3-43e1-ad27-82bc43c66aef', 1, E'https://d2whmjegel90p1.cloudfront.net/Product_Videos/v2/batch4-ZJ%20406/master.m3u8', E'https://d2whmjegel90p1.cloudfront.net/Product_Videos/v2/batch4-ZJ%20406/preview.jpg', '00:00:00', 'Product Video');
INSERT INTO product_videos (product_id, video_id, position, video_uri, cover_image_uri, start_time, video_title) VALUES ('06e4507f-8113-49e6-8714-74c3400126f6', 'cee18293-0c9f-4a47-b254-e124cf4f993f', 2, E'https://d2whmjegel90p1.cloudfront.net/Product_Videos/v2/batch4-ZJ%20410/master.m3u8', E'https://d2whmjegel90p1.cloudfront.net/Product_Videos/v2/batch4-ZJ%20410/preview.jpg', '00:00:00', 'Product Video');
INSERT INTO product_videos (product_id, video_id, position, video_uri, cover_image_uri, start_time, video_title) VALUES ('c04f5a36-001a-44b1-a4d1-d0ef560b3c7c', '6c988873-0963-4975-a356-3a783a02451c', 1, E'https://d2whmjegel90p1.cloudfront.net/Product_Videos/v2/batch4-AD_407/master.m3u8', E'https://d2whmjegel90p1.cloudfront.net/Product_Videos/v2/batch4-AD_407/preview.jpg', '00:00:00', 'Product Video');
INSERT INTO product_videos (product_id, video_id, position, video_uri, cover_image_uri, start_time, video_title) VALUES ('045583b7-630c-4f7c-8e3d-bdc4d87036e0', '6e277da3-62ff-432b-b875-9cccf5d716db', 1, E'https://d2whmjegel90p1.cloudfront.net/Product_Videos/v2/batch4-AD_406/master.m3u8', E'https://d2whmjegel90p1.cloudfront.net/Product_Videos/v2/batch4-AD_406/preview.jpg', '00:00:00', 'Product Video');
INSERT INTO product_videos (product_id, video_id, position, video_uri, cover_image_uri, start_time, video_title) VALUES ('2eb92e2f-214f-4c5e-ab71-9583a4aa7673', '1dc2b964-5f4f-41d5-aa22-bb2d35c55a27', 1, E'https://d2whmjegel90p1.cloudfront.net/Product_Videos/v2/batch4-RC%20403/master.m3u8', E'https://d2whmjegel90p1.cloudfront.net/Product_Videos/v2/batch4-RC%20403/preview.jpg', '00:00:00', 'Product Video');
INSERT INTO product_videos (product_id, video_id, position, video_uri, cover_image_uri, start_time, video_title) VALUES ('6dd599cf-cabe-42d9-af4a-592324ef9f76', '825b47d5-d009-46c6-8503-c2aafd11cd49', 1, E'https://d2whmjegel90p1.cloudfront.net/Product_Videos/v2/batch4-ZJ%20402/master.m3u8', E'https://d2whmjegel90p1.cloudfront.net/Product_Videos/v2/batch4-ZJ%20402/preview.jpg', '00:00:00', 'Product Video');
INSERT INTO product_videos (product_id, video_id, position, video_uri, cover_image_uri, start_time, video_title) VALUES ('6dd599cf-cabe-42d9-af4a-592324ef9f76', '50c12d95-1540-4777-b310-9bec2b1eeb3c', 2, E'https://d2whmjegel90p1.cloudfront.net/Product_Videos/v2/batch4-ZJ%20404/master.m3u8', E'https://d2whmjegel90p1.cloudfront.net/Product_Videos/v2/batch4-ZJ%20404/preview.jpg', '00:00:00', 'Product Video');
INSERT INTO product_videos (product_id, video_id, position, video_uri, cover_image_uri, start_time, video_title) VALUES ('cce1aa11-2adf-430e-8d66-5adba890ed65', '66807769-0f41-46c5-939f-1cb65276e658', 1, E'https://d2whmjegel90p1.cloudfront.net/Product_Videos/v2/batch4-KV_401/master.m3u8', E'https://d2whmjegel90p1.cloudfront.net/Product_Videos/v2/batch4-KV_401/preview.jpg', '00:00:00', 'Product Video');
INSERT INTO product_videos (product_id, video_id, position, video_uri, cover_image_uri, start_time, video_title) VALUES ('4c2751b0-b7e6-49a8-a905-7c14426fbcea', '619ebff3-b587-41d4-bbf2-dffe7c267dbb', 1, E'https://d2whmjegel90p1.cloudfront.net/Product_Videos/v2/batch4-KY%20407/master.m3u8', E'https://d2whmjegel90p1.cloudfront.net/Product_Videos/v2/batch4-KY%20407/preview.jpg', '00:00:00', 'Product Video');
INSERT INTO product_videos (product_id, video_id, position, video_uri, cover_image_uri, start_time, video_title) VALUES ('4c2751b0-b7e6-49a8-a905-7c14426fbcea', '36ee3554-2abc-4d3c-8871-e0d6c50057d7', 2, E'https://d2whmjegel90p1.cloudfront.net/Product_Videos/v2/batch4-KY%20408/master.m3u8', E'https://d2whmjegel90p1.cloudfront.net/Product_Videos/v2/batch4-KY%20408/preview.jpg', '00:00:00', 'Product Video');
INSERT INTO product_videos (product_id, video_id, position, video_uri, cover_image_uri, start_time, video_title) VALUES ('fa36ac38-3397-4774-9f75-8d6f91b2aea2', '85ddd9e8-5612-48f1-ad70-f4d08ef09ae2', 1, E'https://d2whmjegel90p1.cloudfront.net/Product_Videos/v2/batch4-LB_401/master.m3u8', E'https://d2whmjegel90p1.cloudfront.net/Product_Videos/v2/batch4-LB_401/preview.jpg', '00:00:00', 'Product Video');
INSERT INTO product_videos (product_id, video_id, position, video_uri, cover_image_uri, start_time, video_title) VALUES ('a1169174-def4-4d5a-83ce-95d333a84c53', '66807769-0f41-46c5-939f-1cb65276e658', 1, E'https://d2whmjegel90p1.cloudfront.net/Product_Videos/v2/batch4-KV_401/master.m3u8', E'https://d2whmjegel90p1.cloudfront.net/Product_Videos/v2/batch4-KV_401/preview.jpg', '00:00:00', 'Product Video');
INSERT INTO product_videos (product_id, video_id, position, video_uri, cover_image_uri, start_time, video_title) VALUES ('a6797b99-c448-48f4-af04-723a98055147', '9bde122f-4fb4-4f6f-96ca-5c0f35954212', 1, E'https://d2whmjegel90p1.cloudfront.net/Product_Videos/v2/batch4-AD_405/master.m3u8', E'https://d2whmjegel90p1.cloudfront.net/Product_Videos/v2/batch4-AD_405/preview.jpg', '00:00:00', 'Product Video');

INSERT INTO product_images (product_id, position, image_uri) VALUES ('a1169174-def4-4d5a-83ce-95d333a84c53', 1, E'https://d2whmjegel90p1.cloudfront.net/Product_Images/batch4/23377SS.jpg');
INSERT INTO product_images (product_id, position, image_uri) VALUES ('4c2751b0-b7e6-49a8-a905-7c14426fbcea', 1, E'https://d2whmjegel90p1.cloudfront.net/Product_Images/batch4/21288PML.jpg');
INSERT INTO product_images (product_id, position, image_uri) VALUES ('cce1aa11-2adf-430e-8d66-5adba890ed65', 1, E'https://d2whmjegel90p1.cloudfront.net/Product_Images/batch4/20464SS.jpg');
INSERT INTO product_images (product_id, position, image_uri) VALUES ('72f27a8a-ed7f-4156-95d2-4d2cbf47b02f', 1, E'https://d2whmjegel90p1.cloudfront.net/Product_Images/batch4/10540A.jpg');
INSERT INTO product_images (product_id, position, image_uri) VALUES ('a6797b99-c448-48f4-af04-723a98055147', 1, E'https://d2whmjegel90p1.cloudfront.net/Product_Images/batch4/30038.jpg');
INSERT INTO product_images (product_id, position, image_uri) VALUES ('fa36ac38-3397-4774-9f75-8d6f91b2aea2', 1, E'https://d2whmjegel90p1.cloudfront.net/Product_Images/batch4/21734ML.jpg');
INSERT INTO product_images (product_id, position, image_uri) VALUES ('045583b7-630c-4f7c-8e3d-bdc4d87036e0', 1, E'https://d2whmjegel90p1.cloudfront.net/Product_Images/batch4/16042SS.jpg');
INSERT INTO product_images (product_id, position, image_uri) VALUES ('2eb92e2f-214f-4c5e-ab71-9583a4aa7673', 1, E'https://d2whmjegel90p1.cloudfront.net/Product_Images/batch4/17680ML.jpg');
INSERT INTO product_images (product_id, position, image_uri) VALUES ('06e4507f-8113-49e6-8714-74c3400126f6', 1, E'https://d2whmjegel90p1.cloudfront.net/Product_Images/batch4/1269SS.jpg');
INSERT INTO product_images (product_id, position, image_uri) VALUES ('c04f5a36-001a-44b1-a4d1-d0ef560b3c7c', 1, E'https://d2whmjegel90p1.cloudfront.net/Product_Images/batch4/14386.jpg');
INSERT INTO product_images (product_id, position, image_uri) VALUES ('6dd599cf-cabe-42d9-af4a-592324ef9f76', 1, E'https://d2whmjegel90p1.cloudfront.net/Product_Images/batch4/19649A.jpg');


-- +pig Down

DELETE FROM product_images WHERE product_id IN ('72f27a8a-ed7f-4156-95d2-4d2cbf47b02f', '06e4507f-8113-49e6-8714-74c3400126f6', 'c04f5a36-001a-44b1-a4d1-d0ef560b3c7c', '045583b7-630c-4f7c-8e3d-bdc4d87036e0', '2eb92e2f-214f-4c5e-ab71-9583a4aa7673', '6dd599cf-cabe-42d9-af4a-592324ef9f76', 'cce1aa11-2adf-430e-8d66-5adba890ed65', '4c2751b0-b7e6-49a8-a905-7c14426fbcea', 'fa36ac38-3397-4774-9f75-8d6f91b2aea2', 'a1169174-def4-4d5a-83ce-95d333a84c53', 'a6797b99-c448-48f4-af04-723a98055147');
DELETE FROM product_videos WHERE product_id IN ('72f27a8a-ed7f-4156-95d2-4d2cbf47b02f', '06e4507f-8113-49e6-8714-74c3400126f6', 'c04f5a36-001a-44b1-a4d1-d0ef560b3c7c', '045583b7-630c-4f7c-8e3d-bdc4d87036e0', '2eb92e2f-214f-4c5e-ab71-9583a4aa7673', '6dd599cf-cabe-42d9-af4a-592324ef9f76', 'cce1aa11-2adf-430e-8d66-5adba890ed65', '4c2751b0-b7e6-49a8-a905-7c14426fbcea', 'fa36ac38-3397-4774-9f75-8d6f91b2aea2', 'a1169174-def4-4d5a-83ce-95d333a84c53', 'a6797b99-c448-48f4-af04-723a98055147');
DELETE FROM products WHERE id IN ('72f27a8a-ed7f-4156-95d2-4d2cbf47b02f', '06e4507f-8113-49e6-8714-74c3400126f6', 'c04f5a36-001a-44b1-a4d1-d0ef560b3c7c', '045583b7-630c-4f7c-8e3d-bdc4d87036e0', '2eb92e2f-214f-4c5e-ab71-9583a4aa7673', '6dd599cf-cabe-42d9-af4a-592324ef9f76', 'cce1aa11-2adf-430e-8d66-5adba890ed65', '4c2751b0-b7e6-49a8-a905-7c14426fbcea', 'fa36ac38-3397-4774-9f75-8d6f91b2aea2', 'a1169174-def4-4d5a-83ce-95d333a84c53', 'a6797b99-c448-48f4-af04-723a98055147');
